dz_2021_code,deprived_in_0_dimensions,deprived_in_1_dimension,deprived_in_2_dimensions,deprived_in_3_dimensions,deprived_in_4_dimensions
N20000001,135,82,31,2,0
N20000002,54,50,18,5,0
N20000003,58,44,22,4,0
N20000004,110,83,23,4,0
N20000005,117,77,31,5,0
N20000006,88,47,24,7,3
N20000007,135,83,55,17,0
N20000008,101,91,37,7,0
N20000009,73,38,17,3,0
N20000010,88,66,21,7,0
N20000011,75,59,69,26,2
N20000012,92,84,38,12,2
N20000013,53,60,25,5,0
N20000014,95,59,22,5,1
N20000015,74,56,65,32,6
N20000016,74,51,37,20,0
N20000017,113,87,53,7,0
N20000018,78,61,25,4,0
N20000019,51,64,66,31,6
N20000020,67,84,71,26,8
N20000021,115,48,26,2,0
N20000022,102,35,10,4,0
N20000023,91,61,39,7,0
N20000024,90,67,29,14,2
N20000025,83,34,7,4,0
N20000026,113,72,20,1,0
N20000027,122,45,8,4,0
N20000028,97,53,23,7,0
N20000029,101,66,33,12,0
N20000030,112,55,19,2,1
N20000031,104,58,47,16,1
N20000032,66,43,23,6,0
N20000033,84,55,22,5,0
N20000034,72,49,13,3,0
N20000035,122,79,37,12,0
N20000036,65,39,31,15,2
N20000037,44,43,45,27,7
N20000038,187,48,14,6,0
N20000039,65,79,26,6,1
N20000040,51,54,22,5,1
N20000041,158,119,52,5,0
N20000042,164,45,19,4,1
N20000043,161,84,24,1,1
N20000044,133,38,21,8,2
N20000045,75,65,34,8,0
N20000046,93,75,66,25,3
N20000047,94,56,31,1,2
N20000048,93,93,49,9,0
N20000049,74,101,68,31,1
N20000050,51,79,43,29,8
N20000051,48,69,58,21,1
N20000052,67,78,48,20,0
N20000053,47,59,60,23,2
N20000054,69,78,54,18,3
N20000055,45,45,48,17,4
N20000056,46,69,48,27,2
N20000057,89,79,41,5,0
N20000058,58,56,49,17,0
N20000059,47,68,60,22,2
N20000060,73,39,22,5,1
N20000061,58,61,35,16,0
N20000062,76,86,77,34,1
N20000063,78,70,51,9,3
N20000064,67,69,34,4,0
N20000065,88,88,39,4,0
N20000066,37,47,45,24,1
N20000067,44,62,70,39,5
N20000068,26,48,60,39,5
N20000069,91,52,21,3,1
N20000070,72,64,42,9,0
N20000071,50,45,27,14,1
N20000072,108,80,22,5,2
N20000073,74,77,55,17,2
N20000074,76,72,69,16,3
N20000075,107,39,19,4,0
N20000076,77,57,33,14,3
N20000077,38,63,55,21,1
N20000078,41,57,34,27,11
N20000079,45,62,65,16,2
N20000080,122,84,30,4,0
N20000081,58,44,46,18,0
N20000082,49,81,66,26,7
N20000083,39,50,35,9,2
N20000084,48,46,45,8,0
N20000085,129,63,23,2,0
N20000086,116,89,30,6,2
N20000087,88,72,30,4,0
N20000088,117,60,20,3,0
N20000089,131,86,36,4,0
N20000090,160,82,30,2,0
N20000091,119,60,21,0,0
N20000092,172,80,28,10,1
N20000093,51,63,62,26,1
N20000094,108,37,4,1,0
N20000095,51,59,50,20,0
N20000096,95,75,41,12,2
N20000097,87,103,49,9,0
N20000098,59,59,36,5,0
N20000099,103,55,29,4,0
N20000100,137,85,28,8,1
N20000101,86,55,14,5,0
N20000102,106,68,34,7,1
N20000103,55,57,60,34,4
N20000104,62,70,50,39,9
N20000105,78,43,38,13,4
N20000106,88,63,31,6,0
N20000107,76,68,56,8,2
N20000108,36,56,75,39,14
N20000109,113,75,16,4,0
N20000110,138,84,21,6,0
N20000111,90,81,29,8,0
N20000112,32,65,38,13,1
N20000113,94,58,31,9,0
N20000114,85,69,30,3,0
N20000115,181,78,36,9,0
N20000116,81,53,16,1,0
N20000117,71,54,21,3,1
N20000118,71,56,31,22,3
N20000119,66,54,26,4,0
N20000120,69,58,21,5,0
N20000121,121,100,41,4,0
N20000122,152,76,33,4,0
N20000123,115,57,13,3,0
N20000124,91,63,25,9,0
N20000125,93,65,33,3,0
N20000126,144,45,13,1,0
N20000127,42,28,21,14,1
N20000128,126,85,21,1,0
N20000129,68,101,106,64,13
N20000130,86,70,56,9,4
N20000131,46,69,46,24,1
N20000132,126,71,5,1,0
N20000133,163,88,26,0,0
N20000134,158,73,14,3,0
N20000135,92,94,32,12,0
N20000136,69,110,43,8,0
N20000137,89,70,47,9,1
N20000138,77,86,58,14,1
N20000139,91,72,42,13,0
N20000140,143,29,5,0,0
N20000141,117,27,13,1,0
N20000142,49,40,44,22,0
N20000143,136,83,31,0,0
N20000144,73,63,20,2,0
N20000145,26,35,40,48,16
N20000146,51,59,57,17,0
N20000147,75,77,53,15,1
N20000148,47,63,20,3,0
N20000149,137,103,25,7,0
N20000150,35,51,39,31,0
N20000151,99,91,51,6,0
N20000152,106,50,9,2,0
N20000153,76,95,85,40,6
N20000154,108,97,76,27,2
N20000155,38,60,56,20,0
N20000156,117,100,31,9,1
N20000157,118,88,57,13,0
N20000158,133,94,13,1,1
N20000159,45,41,42,17,3
N20000160,73,23,5,0,0
N20000161,119,58,30,3,0
N20000162,154,77,31,3,0
N20000163,109,50,27,2,0
N20000164,124,56,15,0,0
N20000165,96,64,24,9,0
N20000166,94,50,14,1,0
N20000167,82,58,14,3,0
N20000168,67,62,55,9,0
N20000169,54,61,55,56,12
N20000170,78,68,46,9,0
N20000171,95,64,46,9,2
N20000172,121,72,21,4,0
N20000173,123,70,21,3,0
N20000174,60,91,77,40,3
N20000175,86,67,30,12,2
N20000176,68,57,35,8,0
N20000177,62,58,38,13,1
N20000178,51,58,53,20,3
N20000179,131,82,58,16,1
N20000180,51,60,65,19,1
N20000181,60,52,37,30,2
N20000182,78,88,64,38,2
N20000183,48,61,46,19,2
N20000184,46,64,52,18,2
N20000185,52,33,35,21,1
N20000186,40,33,30,20,0
N20000187,32,52,50,34,5
N20000188,115,42,28,5,1
N20000189,45,79,71,45,7
N20000190,58,54,36,17,1
N20000191,40,76,51,10,1
N20000192,29,43,39,28,4
N20000193,29,51,55,38,3
N20000194,50,45,57,37,2
N20000195,43,76,67,63,9
N20000196,37,25,36,20,1
N20000197,27,32,43,21,2
N20000198,58,68,61,34,7
N20000199,66,74,53,40,11
N20000200,101,67,60,25,2
N20000201,105,103,58,21,2
N20000202,48,64,63,25,6
N20000203,62,57,13,3,0
N20000204,89,65,32,6,0
N20000205,68,65,54,25,5
N20000206,72,52,31,6,0
N20000207,34,62,82,39,5
N20000208,60,58,45,21,2
N20000209,70,53,42,13,1
N20000210,46,73,81,42,11
N20000211,184,63,21,2,0
N20000212,48,60,53,43,15
N20000213,44,68,51,23,1
N20000214,40,68,38,4,0
N20000215,103,53,13,1,0
N20000216,44,61,29,5,0
N20000217,118,91,35,7,0
N20000218,83,110,73,8,0
N20000219,146,72,36,1,0
N20000220,65,92,53,4,0
N20000221,90,85,46,8,0
N20000222,81,73,40,11,2
N20000223,71,68,53,2,1
N20000224,83,75,37,5,0
N20000225,54,43,42,13,2
N20000226,111,86,49,8,2
N20000227,100,63,23,5,0
N20000228,71,61,44,20,5
N20000229,51,80,59,31,10
N20000230,89,80,40,10,3
N20000231,76,89,34,6,0
N20000232,65,51,18,4,0
N20000233,81,69,33,9,0
N20000234,75,63,33,4,0
N20000235,67,62,29,7,1
N20000236,67,70,64,20,1
N20000237,66,56,63,47,2
N20000238,104,90,35,12,1
N20000239,80,68,38,1,1
N20000240,68,49,40,5,0
N20000241,41,39,47,2,0
N20000242,83,69,33,9,0
N20000243,69,53,22,4,0
N20000244,120,74,40,3,0
N20000245,57,52,39,6,0
N20000246,108,67,31,11,1
N20000247,82,63,34,10,0
N20000248,52,41,37,8,0
N20000249,67,46,24,7,0
N20000250,85,37,26,0,0
N20000251,117,80,31,13,1
N20000252,78,54,41,6,0
N20000253,118,86,35,3,0
N20000254,102,59,40,5,0
N20000255,85,63,25,5,0
N20000256,122,44,14,4,0
N20000257,67,56,20,6,0
N20000258,107,71,23,3,1
N20000259,124,96,41,14,0
N20000260,171,73,20,3,0
N20000261,145,123,26,5,1
N20000262,110,97,36,4,0
N20000263,134,66,27,4,0
N20000264,160,90,24,13,2
N20000265,129,61,19,4,0
N20000266,75,45,24,4,0
N20000267,160,77,27,8,1
N20000268,87,81,36,6,0
N20000269,84,104,48,17,3
N20000270,91,43,13,3,1
N20000271,107,45,6,0,0
N20000272,165,55,11,4,1
N20000273,90,42,20,5,0
N20000274,93,79,23,3,1
N20000275,138,39,5,0,0
N20000276,133,47,15,4,0
N20000277,77,47,14,1,0
N20000278,77,71,34,4,0
N20000279,165,83,21,4,0
N20000280,110,76,31,6,0
N20000281,116,71,36,10,0
N20000282,62,53,29,2,0
N20000283,138,93,39,19,7
N20000284,77,72,42,19,1
N20000285,102,73,40,4,1
N20000286,84,49,36,8,0
N20000287,119,81,37,5,0
N20000288,74,73,45,22,3
N20000289,43,56,43,12,3
N20000290,29,36,32,33,2
N20000291,43,57,27,6,0
N20000292,80,61,32,8,0
N20000293,78,71,26,4,1
N20000294,115,79,58,17,0
N20000295,95,86,53,11,1
N20000296,80,54,44,10,0
N20000297,107,71,44,10,1
N20000298,84,79,38,11,0
N20000299,68,67,39,12,0
N20000300,83,37,29,7,1
N20000301,114,68,42,15,0
N20000302,115,98,40,12,1
N20000303,97,78,57,23,1
N20000304,80,57,55,29,4
N20000305,110,62,37,9,0
N20000306,116,67,22,4,0
N20000307,106,40,14,1,0
N20000308,59,64,41,13,0
N20000309,81,86,58,15,0
N20000310,58,61,30,6,0
N20000311,123,50,15,3,0
N20000312,82,80,38,18,2
N20000313,59,76,64,44,4
N20000314,44,43,29,10,3
N20000315,71,78,41,18,4
N20000316,63,50,56,23,5
N20000317,98,87,35,12,0
N20000318,61,67,53,18,0
N20000319,20,51,38,27,12
N20000320,49,74,79,35,8
N20000321,29,57,38,31,4
N20000322,32,52,59,32,8
N20000323,33,39,31,21,3
N20000324,45,67,56,19,5
N20000325,83,56,27,10,0
N20000326,53,94,78,24,6
N20000327,51,64,62,54,4
N20000328,47,57,24,10,0
N20000329,129,110,46,9,0
N20000330,57,80,48,16,0
N20000331,110,45,15,4,0
N20000332,93,71,23,6,0
N20000333,51,62,55,27,3
N20000334,91,68,38,7,1
N20000335,97,23,5,2,0
N20000336,100,59,21,1,0
N20000337,117,52,17,2,0
N20000338,64,41,25,4,0
N20000339,109,67,44,8,0
N20000340,80,66,39,5,0
N20000341,111,66,24,8,1
N20000342,55,54,31,8,1
N20000343,105,73,32,4,0
N20000344,81,76,34,3,1
N20000345,87,61,27,4,2
N20000346,103,71,32,12,0
N20000347,70,53,39,2,0
N20000348,81,60,33,5,0
N20000349,54,61,70,28,5
N20000350,102,59,38,18,2
N20000351,45,65,56,18,2
N20000352,83,84,77,34,10
N20000353,79,49,36,8,0
N20000354,102,84,33,13,0
N20000355,87,46,33,3,1
N20000356,101,87,56,8,0
N20000357,53,52,39,4,3
N20000358,91,73,37,7,0
N20000359,118,47,25,17,0
N20000360,58,37,32,5,2
N20000361,121,59,44,3,0
N20000362,102,80,52,15,0
N20000363,64,57,29,8,1
N20000364,93,55,33,7,0
N20000365,84,61,32,5,1
N20000366,71,55,28,5,0
N20000367,112,60,42,6,2
N20000368,113,62,44,12,0
N20000369,98,79,40,2,0
N20000370,66,42,17,6,0
N20000371,62,77,80,38,1
N20000372,109,69,25,10,1
N20000373,82,65,68,30,0
N20000374,36,54,54,18,7
N20000375,15,47,34,23,19
N20000376,13,36,37,23,1
N20000377,64,88,51,19,1
N20000378,51,36,49,15,0
N20000379,48,82,78,35,6
N20000380,57,33,12,0,0
N20000381,65,68,33,11,0
N20000382,46,83,70,22,10
N20000383,103,88,38,6,2
N20000384,112,85,44,5,0
N20000385,32,57,54,27,5
N20000386,32,76,72,30,2
N20000387,28,45,53,15,0
N20000388,32,53,51,22,2
N20000389,116,100,57,12,1
N20000390,36,61,73,30,7
N20000391,17,36,49,23,2
N20000392,60,82,68,39,10
N20000393,51,76,83,29,4
N20000394,40,40,51,15,2
N20000395,55,90,63,22,5
N20000396,41,55,49,28,13
N20000397,111,132,61,11,0
N20000398,49,75,63,21,5
N20000399,41,76,42,28,4
N20000400,41,71,53,29,2
N20000401,107,85,29,8,1
N20000402,115,95,56,22,2
N20000403,47,74,56,19,0
N20000404,76,107,67,17,0
N20000405,90,66,33,7,0
N20000406,43,45,39,15,2
N20000407,52,64,47,9,0
N20000408,45,46,39,6,1
N20000409,23,44,36,18,9
N20000410,56,48,34,20,6
N20000411,82,87,57,13,2
N20000412,98,60,32,2,1
N20000413,119,75,57,13,0
N20000414,91,48,16,4,0
N20000415,92,40,25,7,0
N20000416,107,79,34,9,0
N20000417,88,86,43,4,0
N20000418,111,84,43,10,0
N20000419,75,67,48,8,0
N20000420,81,66,28,1,0
N20000421,123,76,35,4,0
N20000422,115,92,49,6,1
N20000423,113,72,64,10,1
N20000424,117,86,46,11,0
N20000425,63,35,17,4,0
N20000426,105,45,25,2,0
N20000427,70,77,52,10,0
N20000428,128,85,74,14,1
N20000429,49,56,33,10,0
N20000430,81,51,22,6,0
N20000431,38,52,68,35,0
N20000432,31,60,84,37,1
N20000433,136,76,34,8,0
N20000434,49,77,67,26,2
N20000435,115,77,41,24,4
N20000436,101,52,17,3,0
N20000437,36,59,49,23,5
N20000438,80,45,18,5,0
N20000439,31,45,65,42,5
N20000440,38,48,59,25,2
N20000441,69,65,44,11,2
N20000442,40,74,46,21,1
N20000443,117,36,7,3,0
N20000444,82,52,10,3,1
N20000445,54,69,57,24,7
N20000446,130,87,23,6,0
N20000447,123,54,18,5,0
N20000448,103,56,37,4,1
N20000449,58,48,37,18,2
N20000450,57,45,28,3,0
N20000451,125,93,33,5,0
N20000452,67,54,28,11,2
N20000453,90,61,26,9,0
N20000454,43,46,33,11,1
N20000455,123,25,5,1,0
N20000456,75,57,24,6,0
N20000457,118,74,33,11,0
N20000458,66,51,31,15,0
N20000459,85,54,47,8,0
N20000460,177,70,17,5,0
N20000461,177,50,19,3,1
N20000462,109,56,26,4,0
N20000463,80,76,37,10,0
N20000464,121,53,15,1,0
N20000465,29,42,24,10,0
N20000466,56,75,69,23,1
N20000467,85,57,30,9,0
N20000468,55,75,53,21,1
N20000469,113,88,32,10,0
N20000470,88,59,14,6,0
N20000471,115,61,24,0,0
N20000472,95,63,47,9,0
N20000473,100,40,20,3,0
N20000474,134,89,40,8,0
N20000475,153,50,18,3,0
N20000476,87,56,21,8,0
N20000477,105,52,26,16,0
N20000478,117,59,30,8,0
N20000479,44,46,50,7,3
N20000480,94,44,12,5,0
N20000481,103,76,48,9,0
N20000482,130,90,34,6,0
N20000483,175,36,19,2,0
N20000484,89,77,33,5,0
N20000485,100,72,37,7,0
N20000486,127,53,23,6,0
N20000487,101,60,26,5,0
N20000488,97,63,20,6,0
N20000489,68,59,27,10,0
N20000490,59,83,97,56,9
N20000491,40,59,60,29,2
N20000492,66,73,46,10,0
N20000493,114,88,33,5,0
N20000494,37,66,87,50,2
N20000495,110,55,22,4,0
N20000496,136,72,36,13,0
N20000497,109,28,6,1,0
N20000498,64,76,73,28,4
N20000499,104,50,19,9,0
N20000500,60,53,44,13,0
N20000501,161,33,9,0,0
N20000502,89,69,25,2,0
N20000503,53,54,66,23,1
N20000504,52,59,33,15,1
N20000505,56,63,62,29,3
N20000506,64,78,65,41,6
N20000507,123,73,69,15,0
N20000508,40,56,39,28,4
N20000509,40,38,37,42,0
N20000510,119,70,31,2,0
N20000511,56,58,66,35,1
N20000512,65,80,56,36,1
N20000513,81,52,18,2,0
N20000514,94,49,28,7,0
N20000515,75,77,76,30,5
N20000516,53,64,76,41,5
N20000517,75,74,52,31,4
N20000518,75,62,33,4,0
N20000519,40,55,43,25,1
N20000520,133,75,30,4,0
N20000521,130,77,35,3,0
N20000522,67,73,43,10,0
N20000523,77,73,40,17,0
N20000524,39,54,88,78,17
N20000525,40,77,84,33,3
N20000526,52,73,34,14,2
N20000527,69,80,49,34,8
N20000528,61,49,50,27,2
N20000529,79,53,47,13,1
N20000530,100,45,14,4,0
N20000531,64,62,28,4,6
N20000532,21,34,66,32,10
N20000533,61,59,44,8,1
N20000534,56,61,40,19,4
N20000535,94,37,32,7,1
N20000536,119,78,60,16,0
N20000537,76,80,55,10,0
N20000538,108,57,34,23,1
N20000539,42,66,63,19,0
N20000540,49,82,42,19,1
N20000541,52,69,63,31,1
N20000542,92,71,39,6,0
N20000543,45,62,50,31,0
N20000544,80,80,56,17,1
N20000545,88,54,28,3,0
N20000546,32,59,38,8,0
N20000547,106,80,39,1,0
N20000548,48,79,65,16,4
N20000549,134,88,30,8,0
N20000550,116,43,10,2,0
N20000551,127,83,37,10,1
N20000552,127,85,31,4,0
N20000553,153,76,44,10,0
N20000554,111,53,16,3,0
N20000555,100,63,39,15,0
N20000556,84,37,25,2,0
N20000557,87,46,28,2,0
N20000558,161,73,31,5,0
N20000559,80,55,24,6,0
N20000560,71,40,20,4,0
N20000561,164,97,29,6,0
N20000562,91,46,12,1,0
N20000563,111,99,34,4,0
N20000564,129,58,25,8,1
N20000565,119,74,34,11,0
N20000566,69,64,55,12,1
N20000567,110,77,63,24,2
N20000568,141,59,10,1,0
N20000569,105,101,47,8,1
N20000570,54,70,81,20,0
N20000571,118,75,62,6,0
N20000572,181,66,24,6,0
N20000573,176,82,32,12,2
N20000574,106,115,90,20,2
N20000575,125,80,38,5,0
N20000576,141,50,16,1,0
N20000577,112,45,14,4,0
N20000578,117,99,37,7,0
N20000579,107,64,29,6,1
N20000580,125,95,40,6,1
N20000581,99,37,20,8,0
N20000582,109,62,39,8,0
N20000583,99,62,31,5,1
N20000584,161,65,37,7,0
N20000585,80,55,22,4,0
N20000586,94,71,33,7,1
N20000587,129,76,46,9,0
N20000588,103,54,33,7,0
N20000589,73,47,33,10,1
N20000590,59,60,26,14,0
N20000591,68,57,24,1,0
N20000592,114,53,36,8,0
N20000593,96,73,29,11,0
N20000594,74,42,12,4,0
N20000595,94,85,38,4,0
N20000596,68,60,50,14,2
N20000597,76,33,10,1,0
N20000598,48,79,77,36,12
N20000599,83,65,31,16,4
N20000600,90,58,37,10,0
N20000601,51,69,57,31,4
N20000602,80,65,32,14,0
N20000603,86,76,45,15,4
N20000604,67,49,15,3,0
N20000605,50,62,23,0,2
N20000606,60,49,42,15,0
N20000607,54,42,38,21,7
N20000608,92,53,19,3,0
N20000609,127,52,21,3,0
N20000610,112,75,34,8,0
N20000611,54,71,64,29,2
N20000612,50,60,80,41,9
N20000613,70,31,30,0,0
N20000614,127,113,49,8,0
N20000615,42,46,48,31,0
N20000616,40,47,56,24,3
N20000617,71,39,30,8,0
N20000618,76,67,54,18,3
N20000619,52,55,37,28,0
N20000620,118,92,74,48,11
N20000621,135,91,44,15,0
N20000622,58,61,60,21,0
N20000623,96,56,21,4,0
N20000624,27,47,64,33,13
N20000625,121,62,35,11,0
N20000626,86,71,30,2,1
N20000627,84,68,52,3,0
N20000628,100,69,32,1,0
N20000629,73,66,28,5,0
N20000630,32,64,75,40,4
N20000631,51,53,49,18,0
N20000632,64,53,52,20,1
N20000633,68,64,30,8,0
N20000634,40,61,53,22,1
N20000635,177,43,18,5,0
N20000636,84,78,37,5,0
N20000637,116,93,35,8,0
N20000638,106,61,25,4,0
N20000639,100,66,37,5,1
N20000640,144,81,37,2,0
N20000641,151,72,25,3,0
N20000642,73,52,21,4,0
N20000643,144,44,7,2,0
N20000644,75,51,28,12,1
N20000645,94,78,47,5,2
N20000646,90,64,58,28,2
N20000647,114,61,25,3,0
N20000648,115,56,29,5,0
N20000649,123,90,44,13,1
N20000650,65,50,22,10,1
N20000651,121,73,49,12,2
N20000652,110,62,24,6,0
N20000653,118,62,37,6,0
N20000654,84,51,31,14,2
N20000655,69,50,21,9,0
N20000656,47,31,30,2,0
N20000657,106,72,35,8,1
N20000658,74,57,34,6,0
N20000659,58,60,36,18,7
N20000660,78,93,73,23,1
N20000661,110,51,33,9,0
N20000662,79,64,35,13,5
N20000663,49,56,69,18,3
N20000664,101,96,46,8,2
N20000665,78,55,30,4,0
N20000666,82,65,26,4,0
N20000667,62,49,27,6,1
N20000668,33,39,26,4,2
N20000669,78,77,51,16,0
N20000670,98,44,27,5,0
N20000671,128,80,49,11,2
N20000672,57,39,23,5,0
N20000673,109,72,36,3,0
N20000674,84,53,24,4,0
N20000675,106,68,46,12,1
N20000676,131,77,45,5,0
N20000677,76,44,16,3,0
N20000678,110,81,43,11,1
N20000679,122,102,39,0,0
N20000680,82,52,29,13,0
N20000681,123,78,28,6,0
N20000682,66,62,65,38,8
N20000683,65,52,43,12,0
N20000684,55,73,40,18,0
N20000685,123,100,42,12,1
N20000686,92,46,35,7,2
N20000687,102,71,31,4,0
N20000688,122,69,34,3,0
N20000689,113,75,50,6,1
N20000690,121,59,21,6,0
N20000691,102,61,34,5,0
N20000692,133,83,53,10,0
N20000693,69,78,40,13,0
N20000694,113,71,46,12,0
N20000695,107,73,39,4,0
N20000696,59,63,51,22,1
N20000697,104,94,50,20,2
N20000698,35,35,32,8,2
N20000699,90,51,25,5,0
N20000700,119,58,35,3,0
N20000701,124,61,47,6,0
N20000702,72,53,29,10,0
N20000703,104,65,35,6,0
N20000704,55,50,56,12,2
N20000705,51,43,37,12,1
N20000706,105,80,49,5,1
N20000707,70,59,45,12,0
N20000708,73,66,39,16,2
N20000709,93,73,41,12,1
N20000710,121,86,64,26,1
N20000711,93,93,51,11,0
N20000712,86,42,22,11,0
N20000713,61,57,56,27,2
N20000714,27,37,27,16,0
N20000715,74,65,68,14,0
N20000716,126,104,64,20,0
N20000717,53,75,65,32,1
N20000718,57,51,49,19,0
N20000719,34,58,58,62,10
N20000720,71,59,31,2,1
N20000721,39,55,30,14,0
N20000722,83,71,35,16,0
N20000723,96,84,67,17,2
N20000724,98,30,22,11,0
N20000725,30,57,45,36,5
N20000726,93,81,53,14,0
N20000727,64,61,43,9,1
N20000728,43,77,70,15,0
N20000729,32,50,51,21,2
N20000730,77,103,90,25,3
N20000731,170,52,18,7,0
N20000732,69,70,55,17,3
N20000733,106,81,36,17,2
N20000734,60,46,21,3,0
N20000735,69,69,41,13,0
N20000736,44,78,75,36,7
N20000737,52,81,60,26,5
N20000738,72,47,45,16,4
N20000739,17,50,57,24,0
N20000740,57,66,38,11,2
N20000741,57,70,45,16,1
N20000742,65,59,31,17,1
N20000743,64,64,40,31,0
N20000744,44,71,67,36,0
N20000745,32,61,62,40,10
N20000746,71,89,85,34,3
N20000747,58,44,48,37,3
N20000748,49,74,90,43,4
N20000749,54,76,63,31,4
N20000750,64,89,57,37,2
N20000751,37,52,53,48,10
N20000752,47,55,51,42,4
N20000753,37,71,56,47,7
N20000754,24,43,45,21,2
N20000755,39,45,71,35,3
N20000756,33,56,55,43,1
N20000757,41,46,40,25,1
N20000758,68,69,77,56,2
N20000759,37,49,45,22,6
N20000760,43,60,68,25,3
N20000761,29,68,75,61,4
N20000762,37,60,54,29,5
N20000763,23,41,44,32,1
N20000764,28,39,44,45,3
N20000765,25,46,50,64,18
N20000766,29,47,45,25,3
N20000767,32,71,111,55,3
N20000768,29,56,81,57,2
N20000769,39,62,49,29,4
N20000770,46,62,67,34,0
N20000771,31,50,53,48,4
N20000772,25,27,33,16,1
N20000773,23,55,49,45,8
N20000774,15,34,37,29,10
N20000775,31,53,70,51,11
N20000776,26,77,100,74,5
N20000777,16,29,31,25,1
N20000778,25,38,45,38,8
N20000779,19,41,69,53,16
N20000780,10,31,44,47,6
N20000781,26,57,66,35,2
N20000782,19,50,70,58,8
N20000783,42,73,81,55,6
N20000784,24,50,48,43,1
N20000785,25,53,83,56,4
N20000786,35,40,49,19,4
N20000787,94,70,35,13,0
N20000788,113,94,61,21,7
N20000789,109,84,32,15,1
N20000790,41,62,74,37,1
N20000791,78,75,46,7,1
N20000792,73,59,55,21,2
N20000793,103,72,41,11,0
N20000794,80,78,67,28,1
N20000795,95,112,92,33,1
N20000796,135,98,27,4,0
N20000797,106,79,50,8,1
N20000798,65,75,88,41,13
N20000799,122,62,12,1,0
N20000800,87,84,57,26,0
N20000801,61,72,68,28,1
N20000802,110,70,17,2,0
N20000803,116,62,31,2,0
N20000804,68,40,23,4,1
N20000805,110,66,36,6,2
N20000806,82,57,38,8,0
N20000807,123,80,24,2,0
N20000808,103,53,10,0,0
N20000809,111,71,26,5,1
N20000810,100,57,13,1,0
N20000811,68,104,63,24,0
N20000812,75,40,12,1,0
N20000813,19,59,55,37,12
N20000814,64,52,40,20,4
N20000815,74,48,19,2,0
N20000816,114,82,33,2,0
N20000817,117,71,41,15,5
N20000818,73,50,43,18,4
N20000819,77,43,25,4,0
N20000820,46,72,63,18,1
N20000821,76,56,35,16,2
N20000822,59,33,13,4,0
N20000823,107,71,35,6,0
N20000824,91,67,43,25,3
N20000825,102,34,21,14,0
N20000826,63,42,24,9,0
N20000827,91,70,22,4,0
N20000828,63,63,36,9,0
N20000829,64,55,43,18,0
N20000830,50,45,45,19,5
N20000831,93,79,53,7,2
N20000832,41,46,47,15,2
N20000833,84,81,46,28,4
N20000834,40,59,41,20,0
N20000835,107,115,100,32,3
N20000836,56,68,98,56,12
N20000837,110,87,62,13,2
N20000838,85,57,39,11,2
N20000839,57,53,44,9,1
N20000840,56,49,36,18,5
N20000841,130,105,67,23,0
N20000842,52,50,44,21,1
N20000843,42,62,46,43,5
N20000844,46,73,78,37,2
N20000845,53,42,36,13,0
N20000846,44,61,38,25,1
N20000847,37,55,51,21,5
N20000848,43,54,66,27,0
N20000849,61,83,67,27,7
N20000850,24,37,39,36,9
N20000851,30,49,74,54,5
N20000852,36,62,61,40,3
N20000853,34,77,89,58,17
N20000854,61,104,21,5,0
N20000855,85,97,37,15,0
N20000856,46,70,55,32,2
N20000857,148,143,19,6,0
N20000858,64,59,52,33,7
N20000859,119,50,34,10,0
N20000860,82,67,55,15,1
N20000861,72,73,41,5,0
N20000862,96,72,45,12,0
N20000863,63,44,24,9,3
N20000864,29,33,23,9,5
N20000865,89,57,41,18,3
N20000866,95,67,30,8,0
N20000867,60,55,48,17,2
N20000868,81,61,36,13,0
N20000869,84,50,34,11,0
N20000870,27,48,65,55,2
N20000871,80,59,46,14,1
N20000872,126,60,38,8,1
N20000873,34,53,49,24,1
N20000874,19,31,44,34,4
N20000875,94,67,40,19,4
N20000876,75,41,21,6,0
N20000877,40,73,84,47,9
N20000878,74,46,16,4,1
N20000879,72,38,32,7,0
N20000880,42,51,60,44,6
N20000881,110,81,44,24,1
N20000882,85,117,25,13,3
N20000883,89,64,45,11,0
N20000884,35,50,45,40,10
N20000885,82,56,42,25,3
N20000886,36,52,63,41,9
N20000887,54,68,81,72,2
N20000888,129,67,37,16,0
N20000889,71,32,11,1,0
N20000890,106,62,22,3,0
N20000891,66,55,70,26,5
N20000892,52,74,75,46,6
N20000893,66,90,68,40,3
N20000894,49,84,66,28,3
N20000895,52,37,24,9,0
N20000896,60,115,74,35,1
N20000897,104,59,12,4,0
N20000898,61,41,37,13,0
N20000899,63,73,46,12,1
N20000900,56,48,45,29,1
N20000901,75,48,25,10,1
N20000902,127,70,37,8,0
N20000903,35,58,61,43,2
N20000904,39,88,79,60,5
N20000905,56,87,43,22,3
N20000906,26,41,31,11,3
N20000907,81,64,58,9,5
N20000908,65,78,38,32,4
N20000909,144,82,31,5,0
N20000910,38,55,67,30,2
N20000911,17,40,51,29,7
N20000912,63,54,44,23,4
N20000913,56,45,28,26,5
N20000914,61,63,41,27,2
N20000915,47,51,41,12,0
N20000916,100,51,37,8,1
N20000917,109,69,30,20,0
N20000918,28,53,49,46,11
N20000919,54,58,59,35,1
N20000920,82,58,36,26,4
N20000921,27,36,44,32,10
N20000922,43,46,62,38,6
N20000923,96,62,31,4,1
N20000924,61,56,59,35,4
N20000925,50,37,22,5,0
N20000926,73,56,30,16,2
N20000927,63,76,68,39,5
N20000928,59,40,42,14,2
N20000929,92,44,37,8,0
N20000930,52,31,31,19,1
N20000931,89,66,57,29,4
N20000932,55,83,55,23,4
N20000933,68,64,36,21,5
N20000934,114,88,32,20,3
N20000935,81,62,42,11,1
N20000936,47,68,102,36,6
N20000937,104,76,40,12,2
N20000938,74,54,23,14,2
N20000939,76,49,30,8,1
N20000940,64,55,31,11,1
N20000941,117,98,63,20,4
N20000942,62,61,35,20,3
N20000943,91,62,29,11,4
N20000944,155,30,20,4,0
N20000945,112,45,21,3,0
N20000946,98,54,17,3,0
N20000947,45,59,48,31,2
N20000948,40,57,41,15,2
N20000949,49,77,85,43,5
N20000950,118,63,37,10,2
N20000951,55,47,21,8,0
N20000952,110,54,12,0,0
N20000953,126,86,26,3,0
N20000954,85,48,9,2,0
N20000955,93,49,4,0,0
N20000956,185,78,46,1,0
N20000957,77,55,53,24,3
N20000958,159,104,45,6,0
N20000959,117,72,17,3,0
N20000960,127,63,25,2,0
N20000961,107,50,7,1,0
N20000962,158,81,25,5,0
N20000963,93,43,6,1,1
N20000964,85,83,34,10,3
N20000965,121,69,15,0,0
N20000966,99,54,34,13,0
N20000967,79,46,26,14,3
N20000968,118,58,31,9,0
N20000969,125,85,33,5,0
N20000970,123,67,30,6,0
N20000971,134,55,8,1,0
N20000972,64,19,15,5,0
N20000973,71,42,9,1,0
N20000974,114,52,12,0,0
N20000975,156,83,33,5,2
N20000976,150,83,46,12,0
N20000977,91,67,39,8,3
N20000978,118,53,21,3,0
N20000979,150,65,13,1,0
N20000980,73,81,63,30,5
N20000981,134,56,38,8,0
N20000982,162,68,19,1,0
N20000983,131,109,52,13,2
N20000984,145,62,20,4,0
N20000985,73,40,11,2,0
N20000986,67,46,31,4,0
N20000987,94,71,50,2,0
N20000988,138,96,32,4,0
N20000989,55,78,59,22,1
N20000990,75,55,22,2,0
N20000991,75,49,20,3,0
N20000992,84,50,16,1,0
N20000993,126,73,37,6,0
N20000994,105,100,41,6,0
N20000995,192,89,16,1,0
N20000996,45,68,75,34,5
N20000997,162,89,24,8,0
N20000998,81,62,20,1,0
N20000999,27,53,26,10,3
N20001000,43,60,61,33,5
N20001001,132,72,17,3,0
N20001002,44,39,23,9,2
N20001003,53,59,31,17,2
N20001004,45,73,55,17,1
N20001005,122,68,19,0,0
N20001006,148,90,33,9,1
N20001007,128,93,58,13,0
N20001008,122,75,27,0,0
N20001009,46,78,51,20,3
N20001010,112,49,16,2,0
N20001011,81,91,67,24,6
N20001012,42,54,49,29,1
N20001013,105,73,45,18,1
N20001014,62,82,68,31,8
N20001015,135,90,34,9,3
N20001016,119,80,53,10,1
N20001017,87,58,23,1,0
N20001018,39,35,30,15,3
N20001019,123,73,38,8,0
N20001020,143,75,26,3,0
N20001021,141,73,25,8,1
N20001022,105,60,26,1,0
N20001023,109,60,24,6,0
N20001024,187,76,18,2,2
N20001025,62,40,12,6,0
N20001026,74,72,59,15,3
N20001027,92,39,34,17,2
N20001028,121,79,47,9,0
N20001029,108,61,19,9,0
N20001030,90,37,20,5,0
N20001031,75,39,28,2,0
N20001032,92,44,20,6,0
N20001033,120,59,51,13,2
N20001034,117,76,24,2,0
N20001035,137,62,8,0,0
N20001036,98,48,15,1,0
N20001037,110,57,19,0,0
N20001038,91,86,63,25,4
N20001039,123,96,42,8,0
N20001040,51,78,76,39,4
N20001041,63,86,68,30,6
N20001042,80,42,9,0,0
N20001043,42,35,26,3,0
N20001044,60,83,88,56,16
N20001045,88,53,46,17,0
N20001046,149,119,71,28,2
N20001047,142,78,33,5,0
N20001048,67,36,19,4,0
N20001049,55,49,28,9,2
N20001050,125,79,25,0,0
N20001051,83,65,32,1,0
N20001052,100,63,25,0,0
N20001053,101,108,90,35,6
N20001054,89,62,29,8,0
N20001055,43,46,30,8,0
N20001056,116,72,41,10,0
N20001057,70,48,25,21,5
N20001058,65,82,63,26,5
N20001059,98,73,49,16,3
N20001060,77,57,31,5,0
N20001061,106,67,33,11,0
N20001062,71,36,12,3,0
N20001063,152,80,45,6,0
N20001064,48,72,45,29,6
N20001065,64,75,77,26,3
N20001066,185,71,9,2,0
N20001067,75,49,18,2,0
N20001068,108,47,13,2,0
N20001069,107,60,26,2,0
N20001070,176,53,23,2,1
N20001071,97,42,19,3,0
N20001072,126,57,25,6,0
N20001073,142,60,23,3,0
N20001074,94,56,17,2,0
N20001075,107,58,27,3,0
N20001076,144,93,38,6,0
N20001077,148,101,28,1,0
N20001078,62,57,18,2,0
N20001079,51,82,34,17,0
N20001080,60,71,20,8,1
N20001081,79,51,33,32,6
N20001082,26,47,45,47,6
N20001083,38,63,65,42,3
N20001084,22,37,60,38,4
N20001085,136,99,14,2,0
N20001086,19,50,81,52,4
N20001087,87,61,35,12,0
N20001088,131,65,16,12,1
N20001089,9,28,48,28,11
N20001090,65,65,75,40,1
N20001091,67,61,43,20,0
N20001092,33,63,61,47,2
N20001093,32,64,60,52,8
N20001094,41,51,59,27,1
N20001095,49,85,65,58,1
N20001096,69,74,59,22,2
N20001097,31,50,48,39,7
N20001098,75,57,35,16,1
N20001099,47,76,39,25,20
N20001100,60,68,41,31,0
N20001101,48,65,68,30,4
N20001102,57,53,24,18,1
N20001103,64,100,28,5,4
N20001104,69,79,63,28,2
N20001105,71,59,13,8,0
N20001106,127,74,43,11,0
N20001107,55,85,32,10,6
N20001108,46,53,20,8,3
N20001109,42,56,75,31,3
N20001110,36,56,45,25,2
N20001111,57,75,47,25,1
N20001112,59,106,28,8,2
N20001113,90,68,41,22,4
N20001114,65,62,42,24,6
N20001115,119,68,30,4,1
N20001116,56,55,43,25,2
N20001117,51,55,31,23,0
N20001118,83,66,60,13,0
N20001119,80,49,19,7,0
N20001120,90,75,27,9,0
N20001121,147,62,19,2,1
N20001122,48,55,21,4,1
N20001123,76,57,31,4,2
N20001124,142,84,37,6,1
N20001125,80,46,25,6,0
N20001126,152,82,30,15,4
N20001127,91,65,33,13,1
N20001128,54,44,28,9,0
N20001129,88,71,47,17,2
N20001130,83,88,23,8,1
N20001131,86,86,25,7,2
N20001132,80,93,52,22,1
N20001133,120,107,39,8,0
N20001134,128,80,22,8,1
N20001135,122,104,35,6,2
N20001136,89,66,18,3,1
N20001137,126,74,31,4,1
N20001138,104,65,34,19,0
N20001139,125,125,25,6,1
N20001140,118,65,41,13,1
N20001141,58,31,35,35,10
N20001142,112,94,24,3,1
N20001143,89,85,36,6,1
N20001144,153,61,31,7,1
N20001145,114,24,2,2,0
N20001146,97,35,11,0,0
N20001147,54,65,64,32,0
N20001148,103,43,9,9,11
N20001149,122,101,53,13,1
N20001150,89,48,29,11,2
N20001151,94,88,15,5,1
N20001152,101,44,17,8,1
N20001153,124,75,14,2,1
N20001154,57,38,26,18,0
N20001155,103,57,42,9,1
N20001156,162,89,18,7,0
N20001157,66,60,17,8,2
N20001158,106,89,37,19,2
N20001159,111,45,25,17,2
N20001160,104,42,31,7,0
N20001161,128,57,30,15,1
N20001162,73,61,17,2,0
N20001163,96,44,11,5,0
N20001164,139,63,43,6,0
N20001165,110,55,37,9,1
N20001166,164,63,19,4,0
N20001167,154,81,19,1,0
N20001168,158,80,22,5,0
N20001169,125,51,18,9,0
N20001170,148,48,11,2,0
N20001171,80,56,28,2,0
N20001172,192,59,11,1,0
N20001173,116,44,15,2,0
N20001174,143,64,13,3,0
N20001175,106,32,13,2,0
N20001176,106,44,11,3,0
N20001177,118,51,14,2,0
N20001178,117,70,14,1,0
N20001179,97,42,23,3,1
N20001180,64,36,4,1,0
N20001181,81,49,15,1,1
N20001182,123,42,8,0,0
N20001183,107,55,11,3,0
N20001184,208,87,41,8,0
N20001185,128,48,13,2,1
N20001186,149,90,28,3,0
N20001187,67,44,15,8,0
N20001188,96,42,21,3,0
N20001189,114,50,10,3,1
N20001190,82,68,34,7,0
N20001191,111,42,8,1,0
N20001192,71,73,41,10,2
N20001193,95,36,17,1,0
N20001194,72,38,26,14,0
N20001195,159,85,27,6,0
N20001196,102,48,6,1,0
N20001197,92,55,26,3,0
N20001198,114,60,11,0,0
N20001199,146,66,18,0,0
N20001200,96,54,21,0,1
N20001201,120,49,17,5,0
N20001202,80,55,28,8,2
N20001203,70,52,36,12,2
N20001204,93,59,20,4,0
N20001205,63,40,39,25,11
N20001206,22,34,39,9,2
N20001207,23,45,49,36,7
N20001208,44,60,72,49,14
N20001209,61,58,28,15,3
N20001210,81,54,43,18,1
N20001211,70,74,49,25,5
N20001212,53,42,10,1,0
N20001213,59,46,29,22,0
N20001214,98,53,41,25,5
N20001215,111,110,58,9,1
N20001216,65,34,20,6,4
N20001217,117,77,43,15,7
N20001218,90,48,10,2,0
N20001219,86,61,21,4,1
N20001220,92,82,42,12,0
N20001221,112,55,22,2,0
N20001222,42,64,39,24,9
N20001223,90,107,77,23,5
N20001224,55,64,62,28,10
N20001225,41,41,19,6,0
N20001226,93,65,23,1,0
N20001227,53,68,41,23,2
N20001228,35,57,59,44,6
N20001229,59,57,62,20,14
N20001230,145,72,16,1,0
N20001231,134,67,15,1,0
N20001232,110,74,47,23,2
N20001233,98,63,26,1,0
N20001234,122,63,16,2,0
N20001235,17,37,50,46,8
N20001236,110,98,43,17,0
N20001237,63,61,41,12,0
N20001238,37,51,35,5,0
N20001239,47,62,71,36,4
N20001240,54,62,60,45,6
N20001241,43,78,72,32,4
N20001242,49,93,92,59,20
N20001243,59,79,72,56,7
N20001244,108,125,74,19,2
N20001245,55,70,39,13,0
N20001246,101,117,61,11,0
N20001247,62,69,45,28,3
N20001248,25,60,67,43,4
N20001249,56,99,88,45,13
N20001250,62,44,33,9,0
N20001251,102,97,59,12,0
N20001252,37,57,74,31,2
N20001253,128,79,52,23,1
N20001254,61,71,48,21,1
N20001255,44,74,86,55,2
N20001256,35,57,53,35,0
N20001257,33,60,64,46,5
N20001258,162,118,49,4,0
N20001259,95,87,60,22,4
N20001260,104,54,17,3,0
N20001261,40,77,110,72,3
N20001262,45,56,50,33,3
N20001263,27,61,62,55,2
N20001264,153,88,31,3,1
N20001265,89,67,35,8,1
N20001266,30,57,79,46,5
N20001267,102,55,16,5,0
N20001268,30,56,69,43,6
N20001269,22,45,75,64,24
N20001270,31,43,41,40,18
N20001271,93,55,21,1,0
N20001272,25,70,89,47,4
N20001273,74,40,12,6,0
N20001274,48,47,52,32,3
N20001275,108,55,13,1,0
N20001276,30,51,74,51,10
N20001277,63,74,64,40,5
N20001278,106,50,28,5,0
N20001279,112,66,15,3,0
N20001280,74,57,33,7,0
N20001281,86,47,15,2,0
N20001282,68,48,37,13,0
N20001283,33,38,50,31,8
N20001284,115,64,26,6,0
N20001285,48,50,40,27,3
N20001286,20,43,31,20,1
N20001287,33,53,58,27,1
N20001288,46,56,65,48,3
N20001289,63,64,41,17,0
N20001290,155,126,66,14,0
N20001291,85,58,28,11,1
N20001292,119,70,47,14,1
N20001293,30,47,48,29,1
N20001294,49,36,14,2,1
N20001295,26,43,43,37,10
N20001296,68,54,36,8,6
N20001297,42,44,47,22,0
N20001298,49,63,77,44,2
N20001299,23,50,65,45,12
N20001300,36,71,82,62,8
N20001301,37,76,89,73,4
N20001302,31,61,61,51,4
N20001303,60,67,62,15,3
N20001304,31,58,55,66,15
N20001305,35,47,73,56,3
N20001306,16,29,36,27,0
N20001307,58,86,69,25,0
N20001308,80,112,75,35,4
N20001309,114,93,64,14,0
N20001310,41,55,67,53,3
N20001311,48,66,36,29,0
N20001312,52,49,56,19,3
N20001313,37,53,62,51,9
N20001314,28,91,87,59,3
N20001315,64,61,56,17,0
N20001316,51,41,43,24,2
N20001317,34,60,63,53,8
N20001318,71,67,52,12,1
N20001319,46,52,36,24,2
N20001320,21,38,76,59,6
N20001321,66,77,62,29,5
N20001322,59,68,46,29,3
N20001323,25,41,59,29,7
N20001324,54,52,61,44,4
N20001325,45,75,86,78,13
N20001326,70,69,81,40,1
N20001327,62,50,36,10,0
N20001328,44,57,80,73,12
N20001329,35,49,42,12,1
N20001330,70,51,37,9,0
N20001331,74,72,47,8,0
N20001332,29,49,64,21,0
N20001333,67,52,48,14,0
N20001334,104,92,61,18,0
N20001335,57,39,27,11,2
N20001336,32,38,38,39,8
N20001337,50,59,45,20,6
N20001338,34,51,44,27,0
N20001339,93,97,50,26,5
N20001340,51,74,45,7,1
N20001341,45,42,24,10,3
N20001342,54,67,68,28,1
N20001343,56,53,49,22,6
N20001344,33,47,46,24,4
N20001345,63,55,47,26,0
N20001346,52,63,66,36,0
N20001347,19,53,71,51,7
N20001348,37,57,61,26,2
N20001349,54,62,40,15,3
N20001350,70,61,43,8,0
N20001351,66,68,60,21,0
N20001352,50,53,77,30,1
N20001353,31,36,30,22,2
N20001354,54,63,56,34,14
N20001355,60,66,55,32,3
N20001356,65,71,84,37,8
N20001357,55,52,47,25,5
N20001358,59,74,56,35,9
N20001359,50,73,72,33,0
N20001360,55,46,39,15,0
N20001361,97,65,47,8,2
N20001362,53,63,55,21,2
N20001363,64,92,88,39,1
N20001364,74,74,61,33,3
N20001365,56,69,68,35,16
N20001366,46,61,56,15,0
N20001367,61,55,40,9,1
N20001368,39,38,25,8,0
N20001369,34,54,76,43,2
N20001370,41,68,80,42,6
N20001371,63,80,35,8,0
N20001372,34,41,55,25,6
N20001373,70,77,64,21,3
N20001374,74,61,43,12,0
N20001375,75,87,76,32,1
N20001376,11,23,40,25,8
N20001377,22,38,52,62,18
N20001378,48,72,47,32,9
N20001379,81,82,63,26,1
N20001380,127,85,53,4,0
N20001381,72,91,116,70,7
N20001382,39,63,61,34,2
N20001383,54,62,63,56,3
N20001384,63,92,88,49,4
N20001385,42,62,58,45,2
N20001386,61,54,30,7,0
N20001387,27,52,68,52,2
N20001388,75,44,34,6,0
N20001389,40,78,72,53,5
N20001390,62,80,66,25,1
N20001391,75,64,35,6,1
N20001392,67,51,36,12,0
N20001393,16,31,39,30,10
N20001394,44,59,46,25,6
N20001395,28,44,47,37,5
N20001396,26,59,72,44,1
N20001397,47,63,69,36,2
N20001398,44,49,66,38,8
N20001399,46,73,116,57,3
N20001400,33,52,27,25,1
N20001401,106,136,78,34,4
N20001402,121,74,39,9,2
N20001403,20,53,44,20,5
N20001404,63,79,49,27,0
N20001405,38,85,74,32,4
N20001406,22,47,59,49,6
N20001407,35,46,54,29,2
N20001408,44,33,45,33,4
N20001409,25,21,34,30,2
N20001410,16,51,61,25,7
N20001411,46,45,59,30,1
N20001412,23,37,42,33,2
N20001413,56,89,72,35,0
N20001414,26,46,65,29,1
N20001415,19,35,55,41,10
N20001416,27,66,73,44,9
N20001417,37,46,55,25,7
N20001418,74,76,60,27,2
N20001419,35,57,59,23,0
N20001420,33,37,44,19,6
N20001421,21,39,63,38,0
N20001422,66,52,32,8,0
N20001423,11,34,41,41,20
N20001424,60,89,79,46,4
N20001425,62,56,16,8,1
N20001426,24,52,49,34,2
N20001427,61,71,74,61,10
N20001428,53,82,84,52,8
N20001429,39,60,72,45,5
N20001430,33,36,42,31,10
N20001431,17,42,49,41,20
N20001432,23,39,44,24,2
N20001433,26,41,61,56,4
N20001434,27,54,53,42,18
N20001435,27,41,46,29,4
N20001436,27,43,50,29,1
N20001437,26,60,63,36,10
N20001438,28,37,40,44,3
N20001439,92,82,53,29,2
N20001440,31,46,59,39,7
N20001441,65,91,48,25,2
N20001442,45,58,55,27,2
N20001443,44,43,57,30,3
N20001444,37,68,92,53,19
N20001445,43,56,46,30,0
N20001446,66,68,38,13,1
N20001447,97,51,28,5,1
N20001448,72,31,20,5,0
N20001449,55,54,54,34,3
N20001450,85,79,52,6,0
N20001451,32,41,41,20,1
N20001452,105,64,37,10,0
N20001453,88,54,25,5,0
N20001454,57,62,56,35,2
N20001455,38,46,36,16,0
N20001456,107,52,52,17,0
N20001457,74,61,23,7,0
N20001458,90,64,33,8,0
N20001459,130,140,68,15,0
N20001460,61,44,30,5,1
N20001461,80,59,33,10,0
N20001462,89,77,48,13,1
N20001463,51,26,30,7,1
N20001464,72,45,30,10,1
N20001465,82,43,50,2,1
N20001466,112,85,58,11,2
N20001467,38,23,35,19,3
N20001468,103,85,36,21,1
N20001469,104,79,50,10,0
N20001470,30,36,37,26,2
N20001471,50,45,46,19,0
N20001472,54,46,47,11,3
N20001473,85,82,42,24,3
N20001474,46,53,59,14,3
N20001475,80,51,34,11,0
N20001476,91,42,33,7,2
N20001477,117,46,40,8,0
N20001478,80,64,45,14,1
N20001479,93,75,54,22,1
N20001480,81,42,30,5,1
N20001481,77,87,53,25,3
N20001482,112,86,61,12,1
N20001483,42,56,50,13,1
N20001484,91,67,35,8,0
N20001485,92,53,38,6,0
N20001486,40,61,51,46,14
N20001487,78,70,33,6,0
N20001488,29,35,35,22,2
N20001489,128,113,49,7,0
N20001490,41,55,59,38,10
N20001491,124,70,20,2,0
N20001492,120,31,11,2,1
N20001493,38,38,40,19,5
N20001494,88,67,29,5,1
N20001495,23,31,41,35,9
N20001496,22,38,46,28,5
N20001497,95,63,23,6,0
N20001498,45,58,62,29,5
N20001499,31,47,48,22,3
N20001500,22,29,42,26,7
N20001501,136,63,41,14,0
N20001502,37,53,72,44,2
N20001503,70,56,31,9,0
N20001504,48,79,70,50,6
N20001505,87,91,54,10,0
N20001506,59,61,47,27,2
N20001507,41,63,84,36,10
N20001508,131,92,36,11,0
N20001509,48,65,50,26,5
N20001510,79,78,63,16,0
N20001511,90,80,54,11,1
N20001512,65,39,46,13,0
N20001513,115,48,25,9,0
N20001514,157,132,50,8,2
N20001515,67,86,48,3,1
N20001516,112,88,45,11,2
N20001517,57,52,30,9,0
N20001518,177,120,36,1,0
N20001519,36,39,40,15,2
N20001520,124,94,28,8,0
N20001521,87,81,40,9,1
N20001522,55,44,26,10,0
N20001523,42,63,49,28,1
N20001524,117,55,35,8,1
N20001525,85,75,26,4,1
N20001526,81,64,39,3,0
N20001527,113,79,42,7,1
N20001528,106,76,48,17,0
N20001529,63,63,25,6,0
N20001530,129,99,42,7,1
N20001531,35,34,35,12,0
N20001532,80,79,31,10,0
N20001533,63,52,29,9,1
N20001534,58,56,30,7,0
N20001535,30,45,36,11,0
N20001536,58,52,55,14,0
N20001537,71,77,57,25,1
N20001538,91,47,26,4,0
N20001539,116,93,41,7,1
N20001540,97,52,31,22,4
N20001541,58,55,52,14,1
N20001542,115,113,44,9,0
N20001543,102,101,82,22,2
N20001544,90,66,36,5,0
N20001545,85,50,19,5,1
N20001546,48,31,21,4,1
N20001547,78,114,94,39,5
N20001548,87,66,31,6,1
N20001549,79,71,43,12,0
N20001550,33,76,60,33,0
N20001551,37,57,35,14,2
N20001552,75,54,47,3,0
N20001553,79,77,90,51,4
N20001554,45,61,76,45,9
N20001555,107,81,39,7,0
N20001556,87,31,8,3,0
N20001557,113,77,25,4,0
N20001558,116,71,32,1,0
N20001559,27,47,62,32,6
N20001560,107,79,23,1,0
N20001561,59,62,62,36,1
N20001562,61,56,44,18,1
N20001563,34,62,72,38,12
N20001564,44,67,46,28,0
N20001565,68,86,49,19,1
N20001566,20,36,71,31,4
N20001567,57,95,114,42,2
N20001568,78,84,56,16,2
N20001569,106,28,6,1,0
N20001570,82,91,54,37,4
N20001571,8,31,59,42,7
N20001572,66,65,41,27,2
N20001573,79,86,47,11,0
N20001574,38,99,87,44,5
N20001575,43,65,46,31,6
N20001576,88,55,43,7,0
N20001577,58,45,17,2,0
N20001578,32,42,48,38,2
N20001579,32,47,34,23,1
N20001580,105,63,30,5,0
N20001581,54,70,66,21,4
N20001582,75,65,25,2,0
N20001583,94,71,28,5,0
N20001584,78,65,26,1,1
N20001585,97,57,34,7,0
N20001586,85,70,31,5,1
N20001587,161,76,27,3,0
N20001588,65,55,32,13,0
N20001589,98,113,68,8,1
N20001590,80,86,44,6,0
N20001591,125,77,48,8,1
N20001592,95,53,14,1,0
N20001593,90,72,24,3,0
N20001594,101,95,42,4,0
N20001595,30,40,35,24,1
N20001596,122,79,22,3,0
N20001597,131,95,59,15,0
N20001598,67,54,33,13,1
N20001599,79,62,49,20,3
N20001600,16,38,56,26,6
N20001601,62,64,45,21,2
N20001602,91,66,23,4,1
N20001603,76,77,58,22,2
N20001604,113,87,46,23,7
N20001605,31,58,47,19,0
N20001606,53,33,28,2,0
N20001607,68,81,54,18,1
N20001608,42,63,37,20,3
N20001609,75,41,8,3,0
N20001610,104,90,34,12,0
N20001611,108,91,47,4,0
N20001612,46,56,75,34,2
N20001613,132,82,17,2,0
N20001614,79,91,47,15,0
N20001615,136,94,23,1,0
N20001616,126,80,40,12,0
N20001617,85,70,32,7,0
N20001618,115,60,24,1,0
N20001619,63,52,34,5,0
N20001620,68,57,30,8,0
N20001621,124,82,52,10,2
N20001622,44,73,64,32,6
N20001623,119,69,25,1,0
N20001624,99,66,16,3,0
N20001625,41,29,31,6,0
N20001626,64,99,74,24,3
N20001627,101,91,55,14,2
N20001628,59,42,14,2,0
N20001629,38,82,58,5,2
N20001630,92,48,16,3,0
N20001631,102,72,24,1,0
N20001632,144,87,36,2,0
N20001633,102,56,13,4,0
N20001634,110,84,42,9,1
N20001635,155,77,29,2,0
N20001636,80,65,38,11,0
N20001637,122,60,23,0,0
N20001638,140,65,31,10,0
N20001639,84,75,44,20,2
N20001640,50,50,32,3,0
N20001641,35,35,24,7,0
N20001642,57,79,60,26,1
N20001643,48,54,33,9,1
N20001644,129,89,45,19,2
N20001645,83,66,38,7,0
N20001646,50,33,18,8,0
N20001647,97,69,33,16,2
N20001648,58,38,23,7,0
N20001649,59,51,25,9,0
N20001650,45,47,32,16,1
N20001651,29,25,18,0,0
N20001652,78,71,41,16,2
N20001653,121,100,41,2,1
N20001654,29,34,38,10,3
N20001655,85,86,40,10,0
N20001656,132,95,48,5,0
N20001657,62,43,21,11,2
N20001658,81,87,37,12,2
N20001659,73,66,39,15,6
N20001660,155,110,62,10,0
N20001661,49,58,42,20,2
N20001662,34,64,82,44,7
N20001663,71,80,93,41,10
N20001664,54,46,31,16,3
N20001665,92,78,36,18,1
N20001666,64,75,46,15,0
N20001667,74,62,34,8,0
N20001668,105,72,36,14,3
N20001669,69,61,44,18,6
N20001670,55,43,24,7,0
N20001671,51,46,48,28,5
N20001672,81,77,45,28,1
N20001673,106,61,41,9,0
N20001674,102,66,44,18,0
N20001675,84,78,36,16,0
N20001676,75,66,42,17,2
N20001677,46,52,39,11,1
N20001678,75,68,33,9,0
N20001679,54,42,29,13,2
N20001680,104,71,34,7,0
N20001681,84,58,32,8,1
N20001682,67,57,31,11,2
N20001683,98,100,57,12,1
N20001684,128,86,37,5,0
N20001685,93,85,45,27,1
N20001686,122,97,31,5,0
N20001687,118,53,44,12,0
N20001688,86,41,35,4,0
N20001689,103,96,45,6,0
N20001690,42,39,52,25,0
N20001691,57,72,36,14,0
N20001692,120,75,46,3,0
N20001693,48,79,81,57,12
N20001694,43,38,47,12,4
N20001695,43,60,62,27,4
N20001696,130,60,38,7,0
N20001697,83,65,32,5,0
N20001698,59,81,67,26,9
N20001699,86,82,27,4,0
N20001700,41,68,78,55,6
N20001701,30,50,68,44,3
N20001702,129,90,62,14,1
N20001703,23,37,31,16,0
N20001704,34,41,54,23,1
N20001705,67,62,48,12,0
N20001706,47,62,72,28,8
N20001707,43,57,61,23,1
N20001708,126,55,19,4,0
N20001709,120,53,22,3,1
N20001710,145,81,36,10,0
N20001711,59,59,22,4,0
N20001712,70,52,45,11,1
N20001713,90,67,33,8,1
N20001714,58,51,36,5,0
N20001715,128,105,46,10,0
N20001716,142,100,53,16,2
N20001717,46,34,21,6,0
N20001718,37,42,36,18,0
N20001719,98,47,29,7,2
N20001720,109,79,53,15,1
N20001721,89,80,57,16,1
N20001722,114,85,45,8,0
N20001723,111,84,71,20,1
N20001724,89,55,28,11,0
N20001725,101,62,29,5,0
N20001726,90,76,39,7,1
N20001727,83,68,32,8,1
N20001728,35,44,52,20,0
N20001729,108,82,58,26,1
N20001730,39,38,21,2,0
N20001731,102,69,45,11,2
N20001732,103,51,29,9,0
N20001733,109,91,43,11,1
N20001734,37,63,56,43,2
N20001735,53,57,47,21,0
N20001736,67,76,73,34,9
N20001737,30,57,42,28,4
N20001738,54,51,59,16,3
N20001739,54,60,69,45,2
N20001740,76,69,43,17,2
N20001741,29,48,72,44,17
N20001742,42,47,68,38,1
N20001743,40,61,42,37,13
N20001744,19,38,58,25,3
N20001745,32,54,68,55,16
N20001746,44,35,52,35,8
N20001747,39,45,79,39,11
N20001748,57,52,56,26,7
N20001749,15,38,37,17,2
N20001750,15,49,57,40,5
N20001751,51,53,82,35,23
N20001752,27,44,53,50,3
N20001753,58,69,93,56,16
N20001754,45,44,38,23,3
N20001755,35,48,63,50,9
N20001756,54,70,64,50,5
N20001757,61,62,61,42,4
N20001758,37,55,64,47,6
N20001759,30,61,58,44,3
N20001760,37,59,71,41,3
N20001761,86,93,64,37,7
N20001762,79,94,119,63,9
N20001763,48,57,53,35,0
N20001764,70,80,70,36,0
N20001765,52,50,63,46,1
N20001766,32,55,57,52,13
N20001767,105,86,55,8,0
N20001768,37,46,38,14,0
N20001769,137,122,70,10,1
N20001770,55,77,70,44,0
N20001771,108,86,17,4,0
N20001772,89,68,21,7,0
N20001773,50,63,54,35,4
N20001774,49,63,76,34,1
N20001775,30,39,44,25,9
N20001776,60,88,57,4,0
N20001777,87,72,53,11,0
N20001778,83,58,42,12,0
N20001779,49,67,74,63,7
N20001780,90,78,64,23,0
N20001781,87,72,48,23,3
N20001782,36,67,76,45,2
N20001783,63,50,28,12,0
N20001784,87,101,51,21,0
N20001785,83,67,33,6,0
N20001786,22,66,71,40,2
N20001787,27,51,51,37,5
N20001788,101,84,45,11,0
N20001789,59,82,65,42,9
N20001790,92,55,25,8,1
N20001791,95,59,63,30,3
N20001792,86,81,40,8,0
N20001793,24,46,57,39,11
N20001794,44,58,23,15,1
N20001795,76,87,54,17,0
N20001796,69,52,57,48,5
N20001797,73,70,38,19,2
N20001798,36,46,32,27,5
N20001799,105,75,81,34,3
N20001800,69,48,26,17,2
N20001801,53,72,36,19,4
N20001802,20,61,60,46,16
N20001803,124,58,34,10,0
N20001804,89,40,17,2,0
N20001805,125,77,34,6,0
N20001806,154,64,27,6,0
N20001807,111,64,24,2,0
N20001808,15,48,56,10,0
N20001809,36,70,64,53,5
N20001810,99,62,40,5,0
N20001811,79,80,69,38,1
N20001812,149,70,37,14,1
N20001813,61,70,62,27,1
N20001814,90,54,35,6,0
N20001815,73,65,65,25,0
N20001816,90,63,37,12,0
N20001817,41,34,49,23,1
N20001818,30,62,48,28,1
N20001819,37,68,85,33,1
N20001820,112,60,26,7,0
N20001821,36,52,48,39,2
N20001822,47,40,72,43,4
N20001823,51,58,41,11,0
N20001824,133,61,13,2,0
N20001825,23,42,42,27,1
N20001826,42,48,52,22,2
N20001827,47,66,71,38,3
N20001828,39,40,57,42,2
N20001829,64,92,52,31,4
N20001830,41,60,65,34,4
N20001831,26,70,69,56,5
N20001832,35,48,52,34,0
N20001833,65,46,39,17,1
N20001834,109,70,26,3,0
N20001835,29,58,59,24,0
N20001836,52,83,84,49,4
N20001837,54,70,71,48,11
N20001838,32,63,76,38,1
N20001839,64,43,22,10,0
N20001840,95,59,25,3,0
N20001841,27,62,69,44,2
N20001842,34,59,46,34,0
N20001843,43,79,60,42,4
N20001844,95,90,58,12,0
N20001845,50,77,80,54,7
N20001846,46,37,34,28,9
N20001847,90,85,71,29,1
N20001848,66,74,80,41,8
N20001849,55,61,33,2,0
N20001850,142,69,16,0,0
N20001851,120,53,15,1,0
N20001852,86,79,49,9,1
N20001853,40,68,98,56,7
N20001854,103,75,34,2,0
N20001855,102,51,28,5,0
N20001856,63,58,79,37,3
N20001857,34,52,59,48,18
N20001858,105,48,19,3,0
N20001859,89,81,62,20,6
N20001860,75,56,38,18,0
N20001861,89,38,16,5,0
N20001862,82,53,31,7,0
N20001863,86,55,42,10,0
N20001864,23,44,77,37,0
N20001865,54,33,27,3,0
N20001866,69,67,52,15,0
N20001867,96,60,30,11,0
N20001868,34,83,51,26,10
N20001869,62,69,67,25,1
N20001870,29,58,52,30,2
N20001871,100,91,37,13,0
N20001872,143,59,20,3,0
N20001873,90,112,82,17,0
N20001874,81,63,49,13,2
N20001875,86,103,84,10,0
N20001876,85,79,46,24,3
N20001877,113,79,72,28,4
N20001878,80,55,30,14,0
N20001879,82,81,45,16,1
N20001880,30,78,50,26,2
N20001881,56,56,28,16,1
N20001882,61,42,31,15,4
N20001883,95,89,61,42,9
N20001884,127,94,38,11,0
N20001885,54,85,74,43,6
N20001886,26,70,84,40,11
N20001887,33,69,39,50,6
N20001888,130,72,42,5,0
N20001889,129,48,16,2,0
N20001890,44,68,62,38,6
N20001891,121,70,32,7,0
N20001892,42,65,74,32,4
N20001893,79,56,46,12,2
N20001894,79,58,31,10,1
N20001895,135,81,27,9,0
N20001896,133,113,66,21,0
N20001897,70,57,29,4,0
N20001898,122,51,22,7,1
N20001899,97,54,38,3,0
N20001900,142,45,13,0,0
N20001901,130,52,22,5,0
N20001902,118,42,17,8,0
N20001903,36,66,60,28,0
N20001904,134,58,16,3,0
N20001905,44,57,52,24,3
N20001906,37,56,47,28,2
N20001907,100,42,8,2,0
N20001908,62,49,29,6,1
N20001909,45,66,77,29,2
N20001910,55,56,54,19,0
N20001911,79,51,32,8,2
N20001912,92,69,47,14,0
N20001913,111,52,28,10,1
N20001914,62,57,66,25,5
N20001915,86,35,15,5,0
N20001916,133,99,54,11,2
N20001917,108,59,21,2,0
N20001918,113,75,47,6,0
N20001919,141,76,28,5,0
N20001920,102,44,19,7,1
N20001921,105,55,44,19,0
N20001922,82,63,32,9,0
N20001923,84,68,39,5,2
N20001924,66,57,60,30,4
N20001925,93,72,34,5,2
N20001926,88,64,20,7,0
N20001927,97,101,64,22,2
N20001928,82,49,20,2,0
N20001929,72,60,33,3,0
N20001930,46,40,30,11,1
N20001931,44,44,34,20,1
N20001932,91,59,50,10,0
N20001933,64,95,63,26,0
N20001934,144,57,25,8,0
N20001935,96,74,67,11,1
N20001936,86,81,47,19,0
N20001937,61,49,36,5,0
N20001938,82,41,21,7,0
N20001939,82,40,31,8,0
N20001940,41,27,28,10,1
N20001941,59,50,29,12,0
N20001942,108,61,29,5,0
N20001943,22,28,45,23,2
N20001944,73,69,45,27,4
N20001945,63,43,27,6,0
N20001946,135,85,47,20,1
N20001947,80,66,48,16,2
N20001948,92,72,61,15,0
N20001949,121,100,55,11,4
N20001950,84,70,46,14,1
N20001951,95,74,37,12,0
N20001952,54,63,78,36,1
N20001953,77,50,29,10,0
N20001954,94,75,40,11,0
N20001955,108,66,43,8,0
N20001956,93,62,32,11,0
N20001957,28,30,30,17,2
N20001958,35,38,31,12,3
N20001959,53,65,49,17,0
N20001960,61,55,39,5,1
N20001961,90,76,39,15,0
N20001962,84,61,31,7,0
N20001963,45,46,29,22,3
N20001964,74,40,20,5,0
N20001965,31,45,47,22,10
N20001966,94,70,59,9,0
N20001967,118,53,36,6,1
N20001968,68,44,22,7,0
N20001969,34,52,70,34,12
N20001970,66,48,38,7,0
N20001971,103,74,53,15,0
N20001972,29,66,71,37,4
N20001973,24,52,65,34,4
N20001974,57,60,40,18,2
N20001975,29,50,65,48,12
N20001976,53,82,84,42,1
N20001977,36,72,94,36,6
N20001978,53,69,49,30,2
N20001979,46,59,58,36,0
N20001980,69,72,61,29,6
N20001981,51,35,41,12,1
N20001982,31,61,86,44,1
N20001983,50,71,67,34,1
N20001984,40,57,51,48,8
N20001985,38,63,45,20,2
N20001986,110,75,56,11,0
N20001987,105,95,52,17,0
N20001988,86,79,53,24,0
N20001989,107,80,34,20,2
N20001990,107,89,53,18,1
N20001991,53,57,43,13,0
N20001992,50,51,35,17,1
N20001993,32,35,30,11,1
N20001994,80,50,36,12,0
N20001995,67,53,32,8,1
N20001996,87,44,29,9,1
N20001997,108,57,33,9,0
N20001998,102,77,51,16,1
N20001999,38,38,32,19,2
N20002000,48,78,86,24,2
N20002001,69,65,52,32,1
N20002002,59,62,65,29,2
N20002003,17,36,41,34,2
N20002004,82,60,48,26,2
N20002005,78,60,36,21,1
N20002006,64,70,46,15,1
N20002007,64,75,80,26,0
N20002008,82,78,43,20,0
N20002009,44,53,57,26,2
N20002010,40,56,76,37,0
N20002011,66,61,74,36,3
N20002012,33,51,64,36,3
N20002013,101,87,65,33,0
N20002014,62,67,49,19,1
N20002015,62,63,55,16,0
N20002016,41,46,49,15,1
N20002017,85,79,47,5,0
N20002018,59,47,24,7,0
N20002019,49,64,37,14,2
N20002020,42,59,79,31,3
N20002021,34,50,65,36,11
N20002022,81,66,49,10,0
N20002023,64,58,55,17,1
N20002024,120,75,52,14,2
N20002025,102,79,55,13,0
N20002026,42,54,49,18,1
N20002027,51,56,55,15,0
N20002028,73,62,51,15,0
N20002029,89,80,42,4,0
N20002030,92,60,33,9,0
N20002031,110,84,50,10,0
N20002032,89,79,32,6,2
N20002033,56,41,20,4,0
N20002034,55,55,39,18,2
N20002035,75,50,44,22,2
N20002036,96,54,37,13,0
N20002037,111,89,66,14,2
N20002038,118,85,50,12,2
N20002039,110,87,51,6,0
N20002040,135,72,38,7,0
N20002041,94,77,30,10,0
N20002042,49,68,80,32,5
N20002043,34,68,48,26,3
N20002044,72,62,48,10,0
N20002045,42,56,46,31,0
N20002046,102,94,51,7,4
N20002047,82,59,27,4,0
N20002048,92,76,37,9,0
N20002049,73,59,58,17,0
N20002050,58,58,41,11,0
N20002051,106,74,62,14,0
N20002052,90,67,46,10,0
N20002053,67,69,57,17,1
N20002054,83,81,82,25,1
N20002055,127,98,55,17,0
N20002056,77,67,30,9,0
N20002057,102,87,41,7,0
N20002058,94,91,53,11,2
N20002059,78,59,30,12,0
N20002060,72,99,70,23,1
N20002061,160,94,46,7,0
N20002062,86,83,27,5,1
N20002063,82,71,54,9,1
N20002064,74,53,34,5,0
N20002065,124,82,44,13,0
N20002066,153,127,86,16,1
N20002067,79,59,38,7,0
N20002068,103,80,51,9,0
N20002069,144,75,31,9,1
N20002070,74,57,29,3,0
N20002071,92,81,39,11,0
N20002072,73,60,41,2,0
N20002073,119,92,29,4,0
N20002074,64,57,34,8,0
N20002075,88,78,42,10,0
N20002076,84,64,44,4,0
N20002077,113,91,56,22,1
N20002078,81,54,30,4,0
N20002079,131,75,40,9,1
N20002080,85,54,28,13,0
N20002081,86,82,36,6,0
N20002082,62,70,21,6,0
N20002083,89,50,37,4,0
N20002084,77,72,48,7,0
N20002085,36,42,17,1,1
N20002086,53,96,89,41,8
N20002087,145,54,19,6,0
N20002088,106,67,22,10,0
N20002089,37,38,50,20,1
N20002090,106,63,17,2,0
N20002091,62,62,45,17,1
N20002092,86,70,54,26,3
N20002093,107,80,43,13,0
N20002094,152,67,23,5,0
N20002095,70,78,69,31,2
N20002096,54,55,60,19,1
N20002097,81,58,33,21,4
N20002098,86,87,68,23,3
N20002099,74,58,23,1,0
N20002100,87,60,34,4,1
N20002101,42,26,30,14,3
N20002102,89,68,35,17,3
N20002103,60,67,59,14,0
N20002104,84,54,41,8,0
N20002105,49,54,41,22,6
N20002106,69,65,54,25,1
N20002107,55,76,68,55,14
N20002108,101,95,69,15,4
N20002109,76,55,25,9,0
N20002110,39,44,35,8,1
N20002111,82,89,32,4,0
N20002112,74,58,29,2,0
N20002113,108,74,20,3,0
N20002114,75,58,24,5,0
N20002115,62,45,27,4,0
N20002116,57,75,61,31,3
N20002117,84,60,37,10,3
N20002118,79,41,27,6,0
N20002119,88,67,42,9,0
N20002120,98,82,35,4,2
N20002121,90,80,56,7,0
N20002122,94,85,49,10,0
N20002123,78,91,34,13,0
N20002124,80,85,62,18,2
N20002125,81,65,37,12,0
N20002126,75,83,61,24,1
N20002127,120,72,35,4,0
N20002128,82,54,40,4,0
N20002129,86,69,42,13,1
N20002130,102,91,37,5,1
N20002131,63,71,60,24,2
N20002132,80,47,26,9,0
N20002133,104,67,34,4,1
N20002134,48,70,69,32,1
N20002135,79,42,18,8,1
N20002136,20,28,31,29,3
N20002137,94,84,41,10,0
N20002138,33,73,54,36,2
N20002139,102,80,49,9,0
N20002140,71,82,39,10,1
N20002141,78,52,33,9,1
N20002142,106,81,39,18,2
N20002143,92,79,36,3,0
N20002144,103,62,36,9,0
N20002145,115,75,31,4,0
N20002146,66,65,61,19,1
N20002147,103,80,32,6,0
N20002148,93,94,43,5,0
N20002149,66,60,60,26,2
N20002150,58,49,31,2,0
N20002151,97,62,45,2,0
N20002152,72,60,58,16,2
N20002153,84,63,42,2,0
N20002154,73,61,48,31,3
N20002155,86,67,54,7,0
N20002156,104,63,28,4,1
N20002157,95,62,25,3,0
N20002158,80,60,36,9,1
N20002159,49,40,32,11,1
N20002160,103,77,51,12,1
N20002161,120,64,29,10,0
N20002162,76,66,41,11,0
N20002163,48,56,31,10,0
N20002164,165,82,46,11,1
N20002165,95,65,47,6,0
N20002166,50,36,25,10,0
N20002167,31,38,41,20,5
N20002168,114,85,41,8,1
N20002169,49,52,39,9,4
N20002170,28,54,63,40,5
N20002171,82,65,49,19,7
N20002172,38,60,41,29,2
N20002173,107,47,34,3,0
N20002174,105,52,46,16,0
N20002175,89,61,40,10,0
N20002176,119,79,49,12,0
N20002177,102,62,43,12,0
N20002178,77,65,47,11,0
N20002179,82,33,25,6,0
N20002180,97,71,35,8,0
N20002181,115,71,34,6,0
N20002182,124,71,31,8,0
N20002183,54,101,105,77,26
N20002184,44,66,43,23,1
N20002185,47,42,45,25,1
N20002186,54,40,32,3,1
N20002187,108,86,26,11,0
N20002188,23,40,35,19,3
N20002189,61,52,16,2,0
N20002190,114,85,57,11,6
N20002191,35,60,48,22,2
N20002192,58,83,99,44,13
N20002193,88,103,63,11,1
N20002194,45,79,71,27,2
N20002195,51,88,56,31,10
N20002196,128,94,47,12,1
N20002197,46,52,51,20,2
N20002198,43,73,45,48,5
N20002199,43,51,51,15,3
N20002200,67,72,66,26,3
N20002201,65,37,27,2,0
N20002202,65,68,55,17,3
N20002203,41,43,39,19,3
N20002204,35,51,48,32,6
N20002205,38,54,39,29,1
N20002206,40,49,52,14,1
N20002207,74,45,33,27,9
N20002208,50,55,46,22,2
N20002209,63,59,33,4,0
N20002210,105,93,71,7,0
N20002211,59,61,25,9,0
N20002212,29,50,40,38,9
N20002213,111,77,35,8,0
N20002214,87,54,32,6,0
N20002215,99,60,33,7,0
N20002216,92,83,57,11,1
N20002217,87,69,26,4,0
N20002218,92,67,32,6,0
N20002219,122,69,25,3,0
N20002220,96,70,18,3,0
N20002221,76,71,41,6,0
N20002222,53,55,47,18,0
N20002223,77,77,44,12,1
N20002224,88,50,32,9,0
N20002225,70,45,44,9,0
N20002226,113,59,31,7,2
N20002227,72,41,27,4,0
N20002228,65,46,50,10,0
N20002229,61,50,28,11,0
N20002230,67,48,29,7,0
N20002231,100,79,60,9,0
N20002232,70,50,22,6,0
N20002233,104,61,49,12,0
N20002234,64,49,38,7,0
N20002235,76,46,44,13,0
N20002236,132,66,40,18,0
N20002237,97,79,45,14,0
N20002238,115,79,47,10,0
N20002239,79,69,45,6,0
N20002240,97,64,47,9,0
N20002241,36,50,32,15,0
N20002242,76,99,53,18,0
N20002243,66,62,32,8,0
N20002244,79,52,66,11,2
N20002245,99,91,52,10,0
N20002246,87,64,32,6,0
N20002247,85,102,47,19,2
N20002248,101,80,57,17,0
N20002249,90,68,36,9,0
N20002250,82,49,37,14,0
N20002251,65,55,37,14,0
N20002252,98,77,66,30,4
N20002253,74,54,23,6,1
N20002254,112,82,32,4,0
N20002255,42,44,32,14,2
N20002256,99,66,28,6,0
N20002257,154,64,34,10,1
N20002258,98,81,52,18,1
N20002259,89,68,20,0,0
N20002260,115,71,26,10,2
N20002261,95,50,16,2,0
N20002262,110,61,29,1,0
N20002263,134,53,28,12,1
N20002264,91,82,36,3,0
N20002265,56,39,37,9,0
N20002266,114,64,12,1,0
N20002267,47,63,40,13,1
N20002268,178,143,55,5,0
N20002269,158,81,53,14,1
N20002270,62,36,16,14,2
N20002271,124,33,5,1,0
N20002272,172,51,14,2,0
N20002273,112,66,14,2,0
N20002274,120,78,20,3,0
N20002275,162,43,9,0,0
N20002276,82,55,36,5,1
N20002277,131,69,27,11,0
N20002278,88,49,24,9,0
N20002279,65,56,13,3,0
N20002280,103,59,11,1,0
N20002281,184,75,23,2,0
N20002282,82,71,42,12,2
N20002283,61,44,27,3,1
N20002284,155,93,37,1,1
N20002285,113,71,27,3,0
N20002286,61,45,29,2,0
N20002287,83,52,27,7,0
N20002288,152,96,35,4,1
N20002289,112,111,63,13,0
N20002290,88,47,27,6,0
N20002291,62,54,26,14,2
N20002292,142,42,24,5,0
N20002293,70,61,26,7,1
N20002294,88,64,31,4,0
N20002295,83,82,45,14,0
N20002296,137,87,32,6,0
N20002297,86,76,49,8,1
N20002298,89,58,19,5,0
N20002299,92,60,20,4,1
N20002300,116,57,22,5,1
N20002301,58,51,21,1,0
N20002302,79,65,19,6,0
N20002303,126,60,16,5,0
N20002304,82,47,21,5,0
N20002305,163,26,9,1,0
N20002306,159,51,10,2,0
N20002307,74,38,8,2,0
N20002308,144,44,11,2,0
N20002309,174,52,8,0,0
N20002310,168,59,14,2,0
N20002311,63,62,24,2,1
N20002312,150,57,19,9,0
N20002313,99,70,31,1,0
N20002314,65,36,10,2,1
N20002315,81,70,28,11,0
N20002316,60,33,38,10,0
N20002317,93,83,27,3,0
N20002318,51,52,17,2,0
N20002319,128,89,48,9,0
N20002320,198,46,15,2,0
N20002321,136,47,8,2,0
N20002322,130,74,34,5,0
N20002323,137,55,9,6,0
N20002324,109,91,35,9,1
N20002325,91,77,56,11,0
N20002326,95,70,25,2,1
N20002327,73,59,18,2,0
N20002328,97,65,38,3,0
N20002329,74,97,66,34,8
N20002330,110,85,33,6,0
N20002331,26,45,36,13,0
N20002332,71,99,75,26,5
N20002333,73,50,13,2,0
N20002334,68,76,78,44,3
N20002335,29,58,60,22,2
N20002336,150,60,13,1,0
N20002337,94,60,30,5,0
N20002338,46,55,12,3,0
N20002339,80,70,19,6,0
N20002340,26,38,43,15,1
N20002341,76,64,35,36,3
N20002342,167,33,13,0,0
N20002343,63,59,25,2,0
N20002344,150,55,23,1,0
N20002345,40,49,48,37,7
N20002346,58,59,27,4,0
N20002347,61,82,67,23,2
N20002348,75,53,39,8,2
N20002349,168,48,6,0,0
N20002350,91,88,31,5,0
N20002351,161,76,20,7,1
N20002352,65,97,83,9,1
N20002353,145,68,34,12,0
N20002354,41,51,38,20,7
N20002355,60,71,58,17,0
N20002356,76,75,56,18,1
N20002357,67,57,26,12,1
N20002358,114,34,12,0,0
N20002359,27,26,37,18,2
N20002360,90,67,28,5,0
N20002361,41,53,42,13,1
N20002362,73,102,73,35,7
N20002363,70,85,65,17,0
N20002364,46,61,45,13,3
N20002365,25,48,34,22,4
N20002366,87,81,42,14,2
N20002367,61,62,49,13,6
N20002368,51,61,70,44,10
N20002369,69,57,22,7,1
N20002370,43,73,47,11,0
N20002371,30,69,61,40,8
N20002372,125,82,42,3,0
N20002373,79,88,101,68,16
N20002374,59,76,55,39,5
N20002375,52,43,42,14,0
N20002376,36,47,56,31,3
N20002377,141,79,21,16,0
N20002378,72,61,27,2,0
N20002379,94,113,93,39,23
N20002380,49,75,56,27,2
N20002381,80,59,32,13,2
N20002382,78,102,53,26,2
N20002383,101,88,80,43,1
N20002384,61,68,57,12,2
N20002385,139,81,26,1,0
N20002386,110,94,46,17,0
N20002387,141,71,59,14,3
N20002388,43,88,80,25,2
N20002389,131,57,28,2,0
N20002390,108,93,38,7,0
N20002391,53,37,13,4,0
N20002392,208,60,11,3,0
N20002393,109,84,38,3,0
N20002394,76,60,64,28,4
N20002395,135,27,5,0,0
N20002396,79,60,20,1,0
N20002397,104,81,39,12,1
N20002398,88,41,29,6,0
N20002399,149,96,17,1,0
N20002400,42,37,26,4,0
N20002401,79,41,26,11,1
N20002402,84,50,37,8,0
N20002403,111,71,17,4,1
N20002404,130,74,26,4,0
N20002405,84,74,40,2,0
N20002406,125,71,22,0,0
N20002407,32,38,30,8,0
N20002408,106,97,37,3,0
N20002409,51,66,56,20,3
N20002410,85,68,17,0,0
N20002411,133,73,47,27,2
N20002412,90,52,26,9,2
N20002413,61,52,21,2,0
N20002414,96,88,46,14,3
N20002415,47,81,56,8,1
N20002416,81,74,27,5,0
N20002417,100,69,11,1,0
N20002418,69,81,38,16,1
N20002419,59,56,22,3,1
N20002420,66,80,61,23,5
N20002421,38,78,56,28,0
N20002422,49,57,40,15,4
N20002423,56,69,60,34,5
N20002424,131,64,17,1,0
N20002425,137,69,15,9,3
N20002426,125,52,8,1,0
N20002427,111,66,33,8,0
N20002428,33,41,22,6,0
N20002429,53,79,52,15,1
N20002430,81,54,24,1,0
N20002431,42,68,46,10,1
N20002432,56,73,98,46,0
N20002433,87,42,14,1,0
N20002434,40,41,20,13,5
N20002435,162,86,38,6,0
N20002436,117,57,15,4,0
N20002437,166,71,20,1,0
N20002438,88,64,31,2,0
N20002439,150,92,30,5,0
N20002440,118,81,41,17,2
N20002441,160,61,14,4,0
N20002442,104,59,23,5,0
N20002443,102,42,16,0,0
N20002444,115,63,20,2,1
N20002445,110,81,21,1,1
N20002446,109,70,42,3,0
N20002447,125,60,32,5,0
N20002448,102,59,35,4,0
N20002449,114,70,20,5,0
N20002450,97,65,19,3,0
N20002451,96,82,40,9,1
N20002452,90,65,24,2,0
N20002453,78,64,25,3,0
N20002454,117,69,40,14,2
N20002455,63,49,27,9,0
N20002456,153,80,46,6,0
N20002457,138,64,28,3,0
N20002458,136,63,15,1,0
N20002459,102,78,34,3,0
N20002460,69,32,22,6,0
N20002461,199,113,40,8,1
N20002462,89,62,43,12,1
N20002463,102,66,17,4,0
N20002464,91,73,19,5,0
N20002465,100,55,14,5,0
N20002466,49,40,14,4,0
N20002467,153,88,26,1,0
N20002468,126,81,23,8,0
N20002469,74,49,14,1,0
N20002470,156,77,24,2,0
N20002471,102,67,19,2,2
N20002472,89,62,25,3,0
N20002473,79,79,28,7,0
N20002474,186,68,13,3,0
N20002475,109,75,19,2,0
N20002476,174,70,12,1,0
N20002477,119,67,11,2,0
N20002478,162,70,15,0,0
N20002479,63,51,16,0,0
N20002480,162,31,8,0,0
N20002481,109,84,52,21,1
N20002482,166,49,12,0,0
N20002483,182,72,30,3,0
N20002484,132,82,41,20,0
N20002485,77,59,21,3,0
N20002486,46,44,18,4,0
N20002487,142,72,23,3,0
N20002488,141,56,20,3,0
N20002489,69,44,27,2,0
N20002490,109,93,46,5,0
N20002491,122,73,33,3,1
N20002492,53,44,36,21,1
N20002493,31,46,44,35,1
N20002494,115,54,17,1,0
N20002495,146,65,18,4,0
N20002496,145,88,33,5,1
N20002497,104,63,23,5,0
N20002498,69,51,22,3,0
N20002499,128,77,31,2,0
N20002500,158,106,35,5,0
N20002501,95,73,21,8,0
N20002502,79,58,33,0,0
N20002503,125,74,25,3,0
N20002504,59,46,21,9,2
N20002505,120,36,5,0,0
N20002506,57,50,30,5,0
N20002507,29,33,35,25,3
N20002508,101,97,56,22,4
N20002509,170,44,9,0,0
N20002510,59,62,51,14,0
N20002511,60,75,59,29,6
N20002512,61,85,67,21,3
N20002513,45,73,37,13,3
N20002514,85,92,54,20,0
N20002515,103,71,29,1,0
N20002516,124,97,35,6,0
N20002517,36,47,29,8,3
N20002518,115,53,13,4,0
N20002519,77,25,22,1,0
N20002520,80,68,32,5,0
N20002521,57,109,47,27,2
N20002522,49,67,45,18,2
N20002523,41,59,42,33,5
N20002524,112,81,40,12,0
N20002525,73,56,40,9,3
N20002526,178,44,11,2,0
N20002527,70,86,61,46,10
N20002528,106,32,1,0,0
N20002529,40,48,55,23,6
N20002530,60,66,64,29,1
N20002531,78,69,30,1,0
N20002532,111,57,27,2,0
N20002533,30,42,49,16,1
N20002534,88,78,38,16,4
N20002535,68,46,15,0,0
N20002536,127,77,38,3,0
N20002537,56,65,29,4,0
N20002538,144,21,12,1,0
N20002539,127,38,5,1,1
N20002540,81,62,23,6,0
N20002541,83,66,21,7,0
N20002542,71,72,23,1,0
N20002543,47,33,33,8,0
N20002544,67,48,46,13,4
N20002545,105,73,37,5,0
N20002546,141,75,25,2,0
N20002547,86,75,32,4,0
N20002548,99,92,40,6,0
N20002549,93,58,33,7,1
N20002550,107,50,37,3,0
N20002551,71,65,28,6,0
N20002552,82,47,31,5,1
N20002553,62,51,37,7,0
N20002554,42,59,45,23,5
N20002555,103,59,42,9,1
N20002556,66,60,57,29,5
N20002557,114,72,39,3,0
N20002558,46,50,59,31,10
N20002559,61,59,47,7,1
N20002560,47,51,44,13,2
N20002561,77,67,42,16,1
N20002562,83,76,49,13,4
N20002563,124,93,50,5,0
N20002564,122,90,40,14,1
N20002565,68,30,12,2,0
N20002566,89,45,20,7,0
N20002567,109,69,43,14,0
N20002568,72,45,27,11,2
N20002569,92,34,9,1,0
N20002570,107,49,15,1,0
N20002571,90,69,33,4,0
N20002572,104,71,36,6,0
N20002573,106,63,25,6,1
N20002574,140,80,35,3,0
N20002575,7,35,37,25,2
N20002576,83,71,58,22,4
N20002577,89,56,36,11,1
N20002578,112,64,22,13,4
N20002579,127,61,29,5,0
N20002580,86,61,26,6,1
N20002581,102,83,29,6,1
N20002582,102,84,30,4,2
N20002583,95,64,30,5,1
N20002584,128,59,40,7,1
N20002585,84,56,39,1,0
N20002586,120,63,40,9,1
N20002587,31,59,30,18,1
N20002588,50,83,77,25,3
N20002589,56,69,47,24,1
N20002590,85,56,30,3,0
N20002591,60,67,23,3,0
N20002592,85,60,25,3,0
N20002593,113,91,36,11,1
N20002594,48,69,67,43,6
N20002595,106,95,44,9,0
N20002596,35,44,45,11,1
N20002597,65,80,34,3,0
N20002598,91,50,13,1,0
N20002599,78,58,30,2,0
N20002600,103,106,39,6,0
N20002601,52,58,54,22,5
N20002602,71,63,32,9,0
N20002603,113,73,44,1,0
N20002604,105,106,77,24,6
N20002605,72,76,54,8,0
N20002606,113,92,48,8,0
N20002607,62,46,22,3,0
N20002608,26,48,41,20,2
N20002609,97,58,18,4,0
N20002610,67,54,32,6,0
N20002611,74,91,55,30,5
N20002612,69,66,55,16,1
N20002613,108,91,61,24,3
N20002614,33,76,77,51,13
N20002615,46,79,65,30,7
N20002616,29,49,37,24,6
N20002617,71,81,66,41,1
N20002618,96,31,13,2,0
N20002619,33,99,70,48,5
N20002620,57,66,101,53,3
N20002621,108,47,23,0,0
N20002622,32,65,54,27,8
N20002623,67,59,16,3,0
N20002624,97,72,12,1,0
N20002625,36,47,42,32,5
N20002626,46,51,53,13,0
N20002627,20,45,46,21,0
N20002628,94,80,42,19,0
N20002629,61,75,99,45,1
N20002630,72,49,15,1,0
N20002631,45,65,58,28,2
N20002632,95,67,27,4,0
N20002633,89,80,30,3,0
N20002634,111,80,23,3,0
N20002635,79,50,15,3,0
N20002636,48,35,25,9,3
N20002637,129,54,22,1,0
N20002638,79,45,24,6,0
N20002639,114,83,32,11,1
N20002640,112,89,50,19,4
N20002641,75,60,19,9,0
N20002642,82,69,35,10,0
N20002643,96,50,28,8,0
N20002644,68,41,30,8,0
N20002645,112,69,49,10,1
N20002646,144,64,25,8,0
N20002647,123,85,38,5,1
N20002648,130,73,28,2,1
N20002649,69,47,29,8,1
N20002650,69,51,29,7,4
N20002651,76,52,24,3,0
N20002652,116,83,51,13,4
N20002653,90,71,39,7,0
N20002654,154,82,29,2,0
N20002655,105,71,40,13,2
N20002656,72,79,81,19,1
N20002657,33,53,29,21,3
N20002658,112,74,46,4,0
N20002659,51,28,27,7,1
N20002660,88,56,25,2,0
N20002661,65,48,38,14,4
N20002662,109,75,36,9,0
N20002663,129,109,32,2,1
N20002664,110,56,30,3,0
N20002665,25,36,46,40,7
N20002666,45,85,56,39,7
N20002667,63,50,39,10,0
N20002668,105,70,42,5,0
N20002669,58,83,73,18,0
N20002670,80,86,55,7,0
N20002671,57,99,95,41,2
N20002672,43,47,18,4,1
N20002673,48,58,42,22,0
N20002674,75,64,30,3,0
N20002675,61,43,18,7,0
N20002676,100,99,42,3,1
N20002677,84,49,23,1,0
N20002678,107,77,43,7,0
N20002679,83,49,27,2,0
N20002680,60,59,40,26,3
N20002681,116,66,36,9,1
N20002682,124,85,46,11,2
N20002683,90,57,33,14,2
N20002684,52,63,21,3,2
N20002685,59,58,22,5,0
N20002686,46,50,48,17,5
N20002687,105,86,47,16,3
N20002688,44,61,57,21,5
N20002689,69,74,58,21,6
N20002690,61,57,29,3,0
N20002691,110,82,45,5,0
N20002692,102,58,24,2,0
N20002693,90,63,14,2,0
N20002694,81,47,25,9,0
N20002695,95,80,30,4,0
N20002696,68,70,27,8,0
N20002697,94,52,23,5,0
N20002698,41,60,58,28,5
N20002699,102,82,40,6,1
N20002700,89,49,26,2,0
N20002701,55,51,42,10,1
N20002702,49,44,38,13,1
N20002703,44,37,31,18,3
N20002704,46,53,46,16,1
N20002705,90,58,30,5,0
N20002706,60,35,28,3,1
N20002707,63,59,39,3,0
N20002708,42,67,54,23,6
N20002709,83,113,86,25,4
N20002710,72,100,61,23,1
N20002711,57,42,65,21,6
N20002712,32,45,47,18,4
N20002713,70,92,44,7,0
N20002714,69,81,52,27,1
N20002715,83,75,48,10,0
N20002716,154,87,44,14,0
N20002717,41,51,39,27,1
N20002718,84,77,50,12,2
N20002719,44,62,58,31,4
N20002720,55,75,51,21,4
N20002721,15,30,41,39,12
N20002722,78,76,26,4,0
N20002723,36,65,64,34,1
N20002724,49,62,66,17,1
N20002725,38,51,30,8,1
N20002726,113,79,47,9,0
N20002727,66,77,53,26,6
N20002728,83,61,31,9,1
N20002729,17,33,34,17,2
N20002730,96,33,8,1,0
N20002731,132,65,33,8,0
N20002732,61,78,46,18,3
N20002733,106,41,13,2,0
N20002734,40,41,59,18,1
N20002735,97,64,61,25,1
N20002736,73,65,28,5,0
N20002737,110,66,30,4,0
N20002738,115,44,9,5,0
N20002739,112,103,56,11,2
N20002740,105,86,65,15,3
N20002741,72,68,71,12,2
N20002742,137,109,59,6,1
N20002743,147,141,57,6,0
N20002744,153,106,30,9,0
N20002745,109,67,26,10,0
N20002746,121,89,35,7,0
N20002747,94,94,30,7,0
N20002748,89,59,43,8,2
N20002749,80,50,18,3,1
N20002750,81,42,17,4,0
N20002751,113,89,30,3,0
N20002752,44,51,33,12,2
N20002753,75,69,26,5,0
N20002754,59,53,18,3,1
N20002755,113,85,21,3,0
N20002756,58,55,63,31,11
N20002757,101,66,19,7,0
N20002758,81,69,32,1,0
N20002759,35,40,42,18,3
N20002760,85,79,55,17,1
N20002761,104,70,28,6,0
N20002762,144,105,33,6,0
N20002763,91,53,16,4,0
N20002764,108,71,21,3,0
N20002765,118,62,15,5,0
N20002766,56,34,13,0,0
N20002767,74,70,29,12,3
N20002768,150,101,28,3,1
N20002769,139,41,10,0,0
N20002770,116,62,29,4,0
N20002771,62,42,14,1,0
N20002772,31,52,37,17,2
N20002773,53,71,40,8,2
N20002774,149,97,35,2,0
N20002775,151,99,41,5,0
N20002776,36,52,18,4,0
N20002777,82,59,24,2,0
N20002778,129,101,61,12,0
N20002779,59,61,51,28,2
N20002780,60,76,73,25,3
N20002781,58,79,76,32,6
N20002782,64,60,30,8,0
N20002783,69,82,29,4,0
N20002784,50,49,31,11,2
N20002785,66,64,23,1,0
N20002786,79,69,42,14,1
N20002787,63,67,42,19,2
N20002788,86,65,49,3,0
N20002789,94,83,52,29,2
N20002790,101,76,53,17,3
N20002791,57,58,40,11,1
N20002792,61,78,84,34,9
N20002793,34,63,58,21,6
N20002794,46,68,59,18,0
N20002795,53,104,97,34,3
N20002796,59,74,52,28,6
N20002797,88,61,57,24,6
N20002798,50,64,66,57,15
N20002799,80,77,46,16,3
N20002800,103,131,59,20,1
N20002801,28,53,54,14,2
N20002802,160,112,51,6,0
N20002803,90,70,31,7,0
N20002804,112,96,42,5,0
N20002805,84,57,34,4,0
N20002806,93,64,21,6,0
N20002807,49,47,26,5,0
N20002808,102,108,58,6,0
N20002809,115,69,43,11,0
N20002810,75,67,44,3,0
N20002811,49,61,48,16,0
N20002812,51,34,20,9,0
N20002813,64,62,46,20,0
N20002814,98,109,60,7,0
N20002815,32,54,27,15,1
N20002816,52,59,40,8,0
N20002817,49,61,53,23,1
N20002818,52,60,64,45,3
N20002819,52,75,72,51,12
N20002820,74,48,35,8,2
N20002821,65,105,70,29,5
N20002822,112,65,34,5,0
N20002823,128,105,36,4,0
N20002824,63,47,10,0,0
N20002825,175,81,19,2,0
N20002826,132,70,20,3,0
N20002827,125,44,12,0,0
N20002828,93,43,21,5,0
N20002829,76,93,73,26,1
N20002830,121,73,44,11,5
N20002831,39,61,50,35,5
N20002832,113,57,16,1,0
N20002833,51,77,51,19,3
N20002834,52,52,42,10,1
N20002835,123,74,39,16,3
N20002836,156,62,27,15,2
N20002837,54,43,26,5,0
N20002838,184,101,50,23,1
N20002839,78,61,41,9,0
N20002840,100,83,40,10,0
N20002841,64,56,25,4,0
N20002842,70,67,33,5,0
N20002843,80,96,63,22,0
N20002844,75,57,47,7,1
N20002845,96,95,44,9,1
N20002846,74,75,72,24,0
N20002847,79,59,21,7,0
N20002848,112,89,54,8,0
N20002849,81,76,41,4,1
N20002850,84,42,22,12,0
N20002851,189,63,32,9,0
N20002852,108,56,31,8,0
N20002853,113,75,48,13,1
N20002854,35,60,78,22,1
N20002855,41,63,61,24,7
N20002856,73,48,27,3,0
N20002857,61,80,65,26,2
N20002858,64,68,75,24,2
N20002859,112,84,30,9,0
N20002860,128,83,39,11,1
N20002861,62,56,25,8,0
N20002862,81,57,34,9,0
N20002863,95,75,54,6,0
N20002864,69,58,25,9,0
N20002865,80,56,28,7,0
N20002866,92,74,37,8,0
N20002867,147,101,64,19,1
N20002868,133,67,36,12,0
N20002869,80,64,63,23,2
N20002870,110,76,33,10,0
N20002871,108,109,40,15,0
N20002872,115,101,66,18,2
N20002873,83,38,23,3,0
N20002874,73,46,17,1,0
N20002875,78,77,70,30,4
N20002876,77,75,36,2,0
N20002877,86,56,34,4,2
N20002878,56,53,49,21,3
N20002879,176,106,62,3,0
N20002880,79,62,59,24,2
N20002881,81,90,66,13,1
N20002882,120,87,39,17,1
N20002883,72,52,47,16,1
N20002884,122,72,33,12,0
N20002885,129,68,39,11,0
N20002886,83,48,39,19,1
N20002887,136,98,42,7,0
N20002888,63,59,44,4,1
N20002889,71,51,37,12,0
N20002890,91,70,38,11,1
N20002891,136,80,28,2,1
N20002892,93,56,38,5,0
N20002893,80,63,29,11,1
N20002894,127,59,23,2,0
N20002895,71,48,27,5,0
N20002896,100,29,12,0,0
N20002897,24,34,35,22,6
N20002898,84,57,25,9,0
N20002899,59,70,67,34,1
N20002900,109,35,9,0,0
N20002901,38,64,50,20,0
N20002902,45,66,62,23,6
N20002903,115,53,38,14,0
N20002904,70,105,76,24,2
N20002905,52,84,41,14,2
N20002906,40,45,36,19,3
N20002907,57,90,73,39,3
N20002908,117,91,44,8,1
N20002909,121,86,42,13,0
N20002910,126,59,15,1,0
N20002911,100,77,43,9,0
N20002912,134,89,36,7,0
N20002913,56,57,31,8,1
N20002914,85,58,35,5,0
N20002915,109,58,38,6,1
N20002916,123,59,39,10,0
N20002917,106,64,39,8,0
N20002918,83,67,34,10,0
N20002919,81,44,33,11,0
N20002920,100,71,55,8,0
N20002921,103,40,25,11,0
N20002922,68,70,51,18,1
N20002923,78,62,42,14,2
N20002924,115,76,45,13,0
N20002925,70,52,38,10,0
N20002926,67,70,54,16,3
N20002927,63,51,47,8,0
N20002928,140,75,39,10,1
N20002929,70,61,53,6,0
N20002930,94,67,53,13,1
N20002931,88,60,33,7,0
N20002932,101,52,28,6,2
N20002933,70,49,34,15,0
N20002934,74,85,45,6,1
N20002935,39,37,54,12,1
N20002936,48,38,30,8,1
N20002937,94,74,35,4,0
N20002938,64,107,87,38,2
N20002939,49,47,17,14,0
N20002940,55,97,76,24,1
N20002941,110,74,38,8,0
N20002942,83,81,61,15,0
N20002943,75,64,43,14,0
N20002944,71,58,32,5,0
N20002945,14,35,42,13,0
N20002946,40,63,39,25,7
N20002947,27,51,42,17,1
N20002948,94,70,55,16,0
N20002949,61,83,52,16,0
N20002950,38,69,55,17,2
N20002951,76,41,36,8,0
N20002952,75,56,38,12,1
N20002953,85,53,34,4,1
N20002954,119,91,64,9,0
N20002955,61,62,33,5,0
N20002956,82,72,74,34,0
N20002957,82,89,64,12,1
N20002958,23,45,35,19,1
N20002959,82,61,50,18,1
N20002960,45,66,68,27,2
N20002961,91,58,25,7,0
N20002962,58,81,75,30,1
N20002963,74,70,37,11,1
N20002964,86,73,52,10,1
N20002965,64,45,40,15,1
N20002966,78,92,49,19,2
N20002967,90,67,34,5,0
N20002968,63,58,34,11,0
N20002969,77,53,48,10,0
N20002970,93,63,47,13,1
N20002971,99,79,50,9,0
N20002972,84,64,44,27,2
N20002973,94,80,56,9,1
N20002974,58,67,40,10,0
N20002975,69,71,83,25,1
N20002976,87,64,59,18,0
N20002977,61,39,27,2,0
N20002978,73,44,35,11,2
N20002979,71,82,43,8,0
N20002980,66,71,27,21,0
N20002981,62,49,35,8,0
N20002982,91,73,33,17,0
N20002983,56,66,64,37,2
N20002984,81,59,36,17,0
N20002985,87,72,40,2,0
N20002986,66,53,61,17,0
N20002987,79,47,25,2,0
N20002988,72,45,23,9,0
N20002989,97,54,17,8,0
N20002990,86,65,46,17,0
N20002991,62,56,37,16,0
N20002992,70,47,29,7,0
N20002993,114,62,59,17,1
N20002994,97,68,45,10,1
N20002995,84,80,52,21,2
N20002996,76,37,23,6,0
N20002997,82,71,46,14,0
N20002998,122,72,33,13,0
N20002999,76,68,34,9,2
N20003000,84,55,37,7,0
N20003001,31,40,37,28,2
N20003002,32,60,70,28,3
N20003003,36,33,57,22,5
N20003004,89,55,30,5,0
N20003005,22,34,30,33,3
N20003006,123,86,33,7,0
N20003007,70,40,30,12,0
N20003008,39,60,41,15,2
N20003009,125,77,54,24,1
N20003010,58,77,62,28,0
N20003011,51,62,61,21,3
N20003012,104,52,26,11,0
N20003013,95,70,44,17,1
N20003014,49,45,36,15,4
N20003015,75,52,29,12,0
N20003016,82,42,24,4,0
N20003017,53,43,29,7,0
N20003018,68,67,29,12,0
N20003019,81,64,38,12,0
N20003020,94,70,33,6,0
N20003021,80,65,32,2,1
N20003022,99,85,33,8,0
N20003023,60,58,48,10,0
N20003024,93,85,39,9,0
N20003025,89,67,36,9,0
N20003026,20,58,59,26,1
N20003027,74,75,19,3,0
N20003028,42,61,45,14,0
N20003029,37,81,58,25,3
N20003030,70,90,44,18,2
N20003031,136,78,40,8,0
N20003032,101,87,27,9,0
N20003033,48,63,75,42,8
N20003034,44,64,55,20,3
N20003035,36,44,46,8,0
N20003036,91,51,21,9,1
N20003037,27,50,60,13,6
N20003038,27,64,97,33,2
N20003039,104,97,42,4,0
N20003040,103,85,46,15,1
N20003041,19,81,94,35,9
N20003042,55,52,56,12,3
N20003043,69,85,66,24,1
N20003044,81,49,41,7,0
N20003045,60,84,43,15,0
N20003046,79,82,42,10,1
N20003047,75,71,29,11,0
N20003048,165,73,29,4,0
N20003049,89,58,35,4,0
N20003050,134,87,48,6,1
N20003051,65,53,31,9,0
N20003052,69,73,23,9,3
N20003053,71,86,85,22,1
N20003054,61,71,40,15,3
N20003055,85,55,34,3,0
N20003056,142,70,46,12,1
N20003057,126,73,38,8,0
N20003058,86,63,44,10,1
N20003059,102,79,54,21,2
N20003060,61,36,12,6,0
N20003061,95,66,21,7,0
N20003062,173,98,54,15,1
N20003063,136,97,75,26,1
N20003064,160,55,43,7,0
N20003065,125,84,53,8,2
N20003066,122,63,27,13,0
N20003067,68,62,31,5,1
N20003068,69,44,37,15,3
N20003069,132,66,50,8,0
N20003070,111,64,47,10,0
N20003071,88,54,30,8,0
N20003072,49,75,28,12,2
N20003073,127,61,35,11,1
N20003074,105,65,43,10,0
N20003075,106,59,32,4,0
N20003076,64,54,40,17,0
N20003077,94,50,33,5,1
N20003078,126,58,43,9,0
N20003079,119,57,40,11,1
N20003080,58,59,29,4,0
N20003081,96,70,38,11,1
N20003082,61,43,19,3,0
N20003083,75,49,28,5,0
N20003084,82,70,40,7,1
N20003085,76,52,34,5,0
N20003086,96,41,31,5,0
N20003087,46,33,15,7,1
N20003088,82,69,53,15,0
N20003089,126,99,55,15,0
N20003090,74,75,40,8,1
N20003091,81,69,55,17,0
N20003092,83,72,54,9,2
N20003093,85,73,52,8,1
N20003094,92,73,27,6,2
N20003095,96,65,32,6,0
N20003096,94,58,34,9,1
N20003097,82,87,47,26,2
N20003098,47,76,48,24,0
N20003099,90,57,25,14,1
N20003100,96,63,47,14,5
N20003101,90,48,30,6,1
N20003102,79,82,31,9,0
N20003103,124,90,47,14,0
N20003104,84,78,56,20,3
N20003105,102,74,51,12,0
N20003106,43,45,18,8,1
N20003107,84,95,45,22,0
N20003108,51,35,27,6,0
N20003109,44,59,49,41,8
N20003110,158,59,41,12,2
N20003111,79,58,68,27,4
N20003112,66,53,27,10,0
N20003113,117,79,47,34,11
N20003114,83,63,41,9,0
N20003115,155,95,64,18,3
N20003116,54,38,34,13,1
N20003117,29,52,43,27,9
N20003118,28,44,32,16,0
N20003119,20,24,49,19,8
N20003120,41,57,51,32,3
N20003121,99,74,38,10,0
N20003122,84,53,44,17,1
N20003123,78,75,51,8,1
N20003124,88,91,65,22,1
N20003125,111,70,38,8,0
N20003126,123,95,64,19,1
N20003127,97,73,40,12,0
N20003128,100,79,57,10,0
N20003129,105,80,46,15,0
N20003130,104,64,33,13,0
N20003131,83,54,43,13,0
N20003132,39,40,24,16,1
N20003133,144,71,54,14,1
N20003134,51,39,40,27,2
N20003135,88,54,25,3,1
N20003136,82,54,22,7,0
N20003137,80,71,46,14,0
N20003138,67,53,23,4,1
N20003139,55,56,29,16,4
N20003140,80,62,29,8,0
N20003141,41,34,25,14,2
N20003142,78,58,62,9,0
N20003143,63,60,49,22,4
N20003144,102,64,47,17,3
N20003145,69,47,45,20,2
N20003146,41,57,58,41,8
N20003147,78,66,60,26,0
N20003148,82,63,24,9,1
N20003149,133,85,57,13,2
N20003150,51,68,67,31,7
N20003151,62,53,30,9,1
N20003152,49,47,41,15,3
N20003153,98,67,49,14,0
N20003154,80,99,65,22,1
N20003155,141,77,38,15,0
N20003156,109,76,25,3,0
N20003157,78,67,42,18,0
N20003158,61,51,32,11,0
N20003159,52,54,48,26,1
N20003160,72,68,26,5,0
N20003161,94,78,48,25,2
N20003162,53,56,52,32,8
N20003163,92,65,25,2,0
N20003164,48,61,51,23,0
N20003165,92,62,17,2,0
N20003166,23,41,48,27,1
N20003167,49,76,65,19,3
N20003168,79,47,18,4,0
N20003169,135,79,22,1,0
N20003170,43,57,68,24,12
N20003171,23,47,48,31,16
N20003172,59,59,55,14,0
N20003173,43,65,57,40,7
N20003174,46,59,67,38,14
N20003175,40,59,57,22,7
N20003176,81,78,54,29,2
N20003177,47,49,51,33,7
N20003178,42,84,87,44,9
N20003179,60,54,54,23,3
N20003180,77,74,44,7,0
N20003181,51,76,44,20,2
N20003182,43,53,58,12,2
N20003183,54,60,73,34,5
N20003184,68,76,51,13,2
N20003185,57,68,74,47,13
N20003186,60,76,71,32,2
N20003187,55,69,54,19,3
N20003188,71,68,35,15,0
N20003189,68,96,61,22,1
N20003190,29,42,39,15,3
N20003191,113,68,29,5,1
N20003192,44,64,60,34,5
N20003193,103,55,27,14,1
N20003194,112,79,31,8,0
N20003195,42,66,52,36,1
N20003196,131,43,11,0,0
N20003197,107,104,73,17,1
N20003198,98,59,21,5,1
N20003199,57,40,47,9,2
N20003200,139,120,61,15,2
N20003201,62,50,43,11,2
N20003202,70,64,38,7,1
N20003203,96,60,31,15,3
N20003204,105,77,44,15,1
N20003205,84,57,34,15,0
N20003206,70,42,40,21,2
N20003207,104,47,25,10,0
N20003208,69,55,19,4,0
N20003209,89,70,27,1,1
N20003210,71,56,28,9,0
N20003211,85,57,35,7,1
N20003212,107,96,49,10,3
N20003213,137,76,59,8,0
N20003214,136,80,57,14,0
N20003215,97,79,43,23,3
N20003216,100,72,36,9,0
N20003217,80,64,44,17,1
N20003218,114,57,29,8,0
N20003219,72,41,36,7,0
N20003220,97,71,39,13,2
N20003221,133,102,42,19,1
N20003222,91,51,23,6,1
N20003223,92,51,23,7,0
N20003224,54,56,28,12,1
N20003225,97,75,45,7,0
N20003226,110,76,48,10,1
N20003227,135,53,38,5,1
N20003228,104,75,28,2,0
N20003229,86,60,27,4,0
N20003230,111,61,41,12,0
N20003231,100,77,39,14,2
N20003232,54,38,21,10,1
N20003233,108,53,26,6,1
N20003234,126,52,29,5,0
N20003235,98,75,33,4,0
N20003236,123,79,46,5,0
N20003237,101,75,22,1,0
N20003238,98,60,25,8,0
N20003239,96,73,50,14,0
N20003240,144,89,28,4,0
N20003241,113,64,49,17,0
N20003242,84,67,53,19,2
N20003243,73,81,42,17,1
N20003244,72,68,59,27,3
N20003245,14,28,51,24,1
N20003246,57,65,53,12,1
N20003247,32,41,18,4,0
N20003248,54,60,68,30,2
N20003249,26,42,40,26,3
N20003250,104,80,25,13,0
N20003251,24,23,42,27,11
N20003252,66,61,47,12,1
N20003253,86,80,35,14,3
N20003254,71,60,53,21,1
N20003255,76,77,47,13,2
N20003256,102,56,24,8,0
N20003257,121,92,43,5,0
N20003258,55,46,35,11,1
N20003259,64,85,32,9,0
N20003260,98,53,37,8,0
N20003261,89,76,47,6,0
N20003262,90,82,42,19,1
N20003263,42,68,68,27,1
N20003264,93,50,25,2,0
N20003265,39,60,70,33,1
N20003266,95,100,66,18,2
N20003267,44,55,61,19,4
N20003268,135,70,20,4,0
N20003269,51,65,68,29,5
N20003270,96,93,36,6,0
N20003271,65,81,51,27,2
N20003272,99,66,42,5,0
N20003273,139,75,29,4,2
N20003274,135,93,38,8,2
N20003275,81,62,25,5,0
N20003276,90,69,44,9,0
N20003277,83,71,32,4,0
N20003278,65,80,69,30,5
N20003279,60,76,41,13,1
N20003280,57,54,34,9,0
N20003281,89,78,52,9,2
N20003282,99,90,47,12,0
N20003283,77,54,47,17,1
N20003284,75,66,69,20,7
N20003285,66,50,44,10,0
N20003286,85,46,38,10,0
N20003287,99,71,42,8,3
N20003288,103,71,35,10,0
N20003289,81,63,49,12,0
N20003290,79,70,39,11,0
N20003291,87,65,37,8,0
N20003292,111,85,46,9,0
N20003293,133,68,45,13,1
N20003294,85,50,41,9,0
N20003295,93,75,33,6,0
N20003296,61,46,37,12,2
N20003297,123,72,42,8,0
N20003298,69,65,32,7,1
N20003299,87,91,51,16,0
N20003300,109,102,43,13,1
N20003301,73,74,88,34,5
N20003302,56,70,94,47,5
N20003303,40,52,56,25,8
N20003304,81,110,78,44,6
N20003305,37,50,51,12,3
N20003306,74,64,55,13,0
N20003307,52,64,39,5,0
N20003308,88,58,32,14,2
N20003309,87,60,37,8,0
N20003310,92,57,43,6,0
N20003311,112,88,37,7,0
N20003312,77,56,21,1,2
N20003313,100,70,29,4,0
N20003314,73,49,13,2,0
N20003315,114,70,49,17,1
N20003316,70,49,10,3,0
N20003317,134,105,48,9,0
N20003318,93,85,78,22,5
N20003319,155,112,40,8,0
N20003320,64,63,25,6,0
N20003321,113,85,39,8,0
N20003322,66,61,26,6,0
N20003323,71,59,31,11,0
N20003324,124,107,48,13,1
N20003325,67,52,26,4,1
N20003326,72,77,33,13,0
N20003327,104,72,42,10,1
N20003328,119,92,53,8,1
N20003329,104,48,39,19,0
N20003330,92,83,39,12,1
N20003331,101,65,40,10,1
N20003332,90,56,27,6,0
N20003333,65,58,36,9,1
N20003334,76,33,15,4,0
N20003335,104,112,74,20,5
N20003336,113,89,48,18,1
N20003337,96,76,46,7,0
N20003338,141,74,39,9,2
N20003339,32,59,60,14,4
N20003340,121,77,42,19,4
N20003341,111,83,65,27,3
N20003342,111,86,41,37,2
N20003343,74,66,47,26,11
N20003344,77,49,21,9,0
N20003345,70,52,29,14,2
N20003346,42,34,42,20,1
N20003347,88,63,36,4,0
N20003348,98,47,15,4,0
N20003349,194,102,32,5,0
N20003350,109,88,59,8,1
N20003351,82,51,17,1,0
N20003352,101,67,23,6,0
N20003353,79,70,32,18,1
N20003354,93,61,23,3,0
N20003355,140,62,16,3,0
N20003356,95,62,16,3,0
N20003357,102,65,28,10,0
N20003358,137,73,45,9,0
N20003359,108,74,25,7,0
N20003360,73,44,19,2,0
N20003361,77,56,25,4,0
N20003362,70,55,20,9,0
N20003363,70,52,22,5,0
N20003364,41,46,43,22,8
N20003365,101,63,35,12,1
N20003366,105,71,31,3,0
N20003367,47,44,18,4,0
N20003368,62,60,52,16,3
N20003369,57,68,71,41,5
N20003370,132,79,28,5,0
N20003371,104,102,41,7,0
N20003372,41,44,42,12,2
N20003373,115,59,21,1,0
N20003374,51,57,42,12,2
N20003375,77,76,45,13,3
N20003376,59,51,38,9,3
N20003377,59,51,48,15,2
N20003378,63,65,68,30,4
N20003379,50,55,58,30,5
N20003380,67,78,76,37,10
N20003381,81,67,43,8,0
N20003382,56,53,43,9,0
N20003383,88,61,37,7,1
N20003384,83,85,45,18,2
N20003385,76,86,30,2,0
N20003386,74,67,25,4,0
N20003387,118,82,22,8,0
N20003388,101,70,59,18,3
N20003389,64,61,31,11,0
N20003390,95,32,11,2,0
N20003391,116,97,52,8,0
N20003392,127,79,24,5,0
N20003393,102,83,32,7,0
N20003394,100,81,33,6,0
N20003395,99,89,44,12,0
N20003396,112,88,33,12,0
N20003397,108,94,44,4,0
N20003398,95,31,27,12,1
N20003399,131,74,31,2,0
N20003400,94,53,26,4,0
N20003401,82,51,48,13,5
N20003402,89,47,19,5,0
N20003403,41,62,41,15,2
N20003404,44,47,31,23,5
N20003405,94,81,37,8,0
N20003406,41,63,59,28,5
N20003407,38,58,43,18,8
N20003408,29,54,55,32,6
N20003409,92,72,37,11,1
N20003410,61,71,56,26,3
N20003411,141,75,29,10,0
N20003412,85,63,15,4,0
N20003413,60,76,52,28,1
N20003414,103,92,51,9,1
N20003415,31,34,19,5,2
N20003416,24,65,78,51,12
N20003417,61,68,49,41,6
N20003418,69,70,28,6,0
N20003419,60,85,89,57,11
N20003420,92,108,72,35,3
N20003421,110,79,51,13,0
N20003422,75,68,36,15,2
N20003423,79,83,36,11,2
N20003424,76,68,35,7,1
N20003425,39,54,42,19,1
N20003426,35,52,46,20,2
N20003427,55,50,26,11,0
N20003428,78,84,48,25,1
N20003429,96,97,50,12,2
N20003430,62,53,45,29,2
N20003431,74,56,50,14,1
N20003432,43,44,19,4,0
N20003433,78,73,24,6,0
N20003434,55,68,24,4,0
N20003435,79,54,24,1,0
N20003436,85,99,65,21,1
N20003437,96,67,36,5,0
N20003438,73,81,42,7,1
N20003439,56,58,25,0,0
N20003440,42,65,77,29,2
N20003441,37,44,68,14,1
N20003442,63,65,25,2,0
N20003443,115,85,38,9,0
N20003444,49,61,45,23,2
N20003445,31,58,68,20,2
N20003446,54,66,31,15,2
N20003447,72,41,18,8,0
N20003448,169,103,41,6,0
N20003449,54,45,26,17,3
N20003450,54,65,67,33,2
N20003451,112,73,24,6,0
N20003452,99,80,22,1,0
N20003453,101,60,16,0,0
N20003454,104,59,8,1,0
N20003455,102,36,5,0,0
N20003456,101,66,27,9,0
N20003457,102,58,35,7,0
N20003458,65,42,22,2,0
N20003459,66,62,23,7,0
N20003460,89,56,25,6,0
N20003461,61,44,22,5,0
N20003462,79,32,12,0,0
N20003463,127,110,58,4,0
N20003464,71,47,8,1,1
N20003465,59,88,74,27,3
N20003466,112,70,27,4,0
N20003467,189,115,28,4,0
N20003468,149,53,23,4,1
N20003469,158,116,17,4,0
N20003470,126,68,18,9,0
N20003471,116,90,35,9,0
N20003472,68,59,38,9,3
N20003473,127,78,27,3,0
N20003474,128,104,18,0,0
N20003475,114,79,35,1,0
N20003476,131,71,27,2,0
N20003477,105,58,13,1,0
N20003478,121,67,16,1,0
N20003479,55,62,16,3,0
N20003480,103,67,22,2,0
N20003481,54,63,21,3,0
N20003482,136,57,20,2,0
N20003483,98,75,24,2,0
N20003484,112,61,30,2,0
N20003485,38,43,36,8,1
N20003486,57,54,52,13,0
N20003487,94,113,43,11,0
N20003488,121,83,34,6,0
N20003489,119,39,18,2,0
N20003490,84,80,41,7,0
N20003491,118,83,39,5,0
N20003492,109,120,36,5,0
N20003493,75,96,68,14,0
N20003494,101,89,27,2,0
N20003495,59,75,48,19,9
N20003496,120,100,32,2,0
N20003497,56,51,40,7,1
N20003498,70,51,31,3,0
N20003499,31,56,59,28,3
N20003500,40,55,28,14,0
N20003501,78,67,34,4,1
N20003502,128,102,72,10,0
N20003503,67,72,48,47,4
N20003504,89,108,80,21,4
N20003505,92,110,64,23,2
N20003506,80,89,100,46,7
N20003507,83,56,20,3,0
N20003508,97,82,15,1,0
N20003509,58,78,60,23,7
N20003510,14,28,44,28,5
N20003511,60,62,23,9,0
N20003512,32,64,41,29,5
N20003513,37,35,49,21,3
N20003514,79,114,53,8,0
N20003515,41,78,55,27,1
N20003516,50,68,42,26,6
N20003517,30,41,40,13,7
N20003518,53,79,68,16,1
N20003519,73,57,27,11,0
N20003520,32,70,63,40,6
N20003521,56,85,87,62,6
N20003522,50,65,34,5,1
N20003523,117,74,32,3,1
N20003524,50,56,36,15,1
N20003525,72,58,15,1,0
N20003526,37,61,55,27,8
N20003527,29,45,61,33,5
N20003528,105,62,12,1,0
N20003529,56,59,47,11,4
N20003530,67,41,16,1,0
N20003531,15,59,65,46,4
N20003532,57,84,60,35,7
N20003533,42,76,83,29,6
N20003534,46,72,47,22,2
N20003535,120,87,24,3,1
N20003536,126,90,45,3,0
N20003537,147,69,19,1,0
N20003538,128,57,26,5,0
N20003539,89,53,14,2,0
N20003540,86,63,14,1,0
N20003541,67,52,19,2,0
N20003542,106,69,18,1,0
N20003543,64,88,35,12,1
N20003544,84,37,19,1,1
N20003545,101,76,18,1,0
N20003546,103,98,40,16,4
N20003547,149,102,23,10,3
N20003548,138,88,16,1,0
N20003549,155,59,19,3,0
N20003550,146,94,19,6,0
N20003551,104,68,16,0,0
N20003552,51,70,53,28,8
N20003553,186,93,28,4,0
N20003554,245,121,30,5,0
N20003555,109,66,34,7,1
N20003556,114,62,21,1,0
N20003557,96,22,5,0,0
N20003558,71,63,54,25,7
N20003559,116,57,27,5,0
N20003560,87,38,6,1,0
N20003561,133,79,28,4,0
N20003562,150,93,14,2,0
N20003563,54,65,65,8,1
N20003564,80,59,21,4,3
N20003565,109,39,13,0,0
N20003566,103,46,14,2,0
N20003567,122,85,12,2,0
N20003568,139,70,25,6,1
N20003569,189,102,35,8,1
N20003570,26,45,41,26,3
N20003571,67,65,51,26,2
N20003572,62,83,56,19,8
N20003573,62,67,55,22,3
N20003574,69,54,41,28,3
N20003575,93,39,8,0,0
N20003576,97,53,29,4,0
N20003577,61,64,53,16,6
N20003578,156,96,15,0,0
N20003579,73,55,16,19,5
N20003580,104,80,27,2,0
N20003581,147,79,17,3,0
N20003582,78,70,44,7,0
N20003583,84,54,18,6,1
N20003584,92,88,40,5,2
N20003585,91,80,29,1,0
N20003586,121,103,87,22,8
N20003587,65,94,29,4,0
N20003588,91,61,36,5,0
N20003589,83,101,40,8,1
N20003590,82,41,16,0,0
N20003591,57,35,10,0,0
N20003592,95,68,54,13,1
N20003593,36,65,45,16,1
N20003594,109,71,38,8,1
N20003595,130,86,32,4,0
N20003596,93,75,40,10,2
N20003597,77,39,15,4,0
N20003598,61,67,22,1,0
N20003599,110,94,66,17,2
N20003600,80,67,17,4,0
N20003601,71,37,22,6,0
N20003602,69,67,32,8,1
N20003603,92,67,41,15,0
N20003604,55,67,21,3,0
N20003605,129,120,60,14,2
N20003606,39,50,27,20,5
N20003607,61,54,38,15,0
N20003608,19,35,52,36,19
N20003609,39,71,59,31,4
N20003610,36,28,34,20,6
N20003611,63,59,31,6,0
N20003612,71,52,32,14,0
N20003613,64,62,33,7,0
N20003614,68,87,34,6,0
N20003615,132,104,57,6,0
N20003616,63,87,94,37,3
N20003617,53,56,55,23,4
N20003618,55,62,45,13,1
N20003619,180,85,39,7,0
N20003620,143,98,56,13,0
N20003621,98,60,16,1,0
N20003622,127,47,17,1,0
N20003623,149,60,20,1,0
N20003624,147,99,54,14,2
N20003625,99,87,29,4,0
N20003626,100,68,28,1,0
N20003627,119,67,19,1,0
N20003628,141,70,33,6,0
N20003629,116,77,26,3,1
N20003630,116,67,16,2,0
N20003631,70,72,28,11,2
N20003632,106,93,50,27,4
N20003633,9,29,46,59,8
N20003634,104,74,27,1,0
N20003635,100,72,36,7,1
N20003636,78,38,23,3,1
N20003637,109,64,31,4,0
N20003638,103,48,22,10,0
N20003639,100,78,21,4,0
N20003640,30,53,56,22,8
N20003641,71,44,25,8,0
N20003642,85,65,38,10,1
N20003643,42,47,36,3,0
N20003644,89,100,79,28,2
N20003645,152,79,27,5,0
N20003646,96,81,33,4,0
N20003647,126,78,31,2,0
N20003648,77,76,52,5,0
N20003649,96,94,34,5,1
N20003650,158,139,58,5,0
N20003651,55,61,55,24,9
N20003652,122,78,23,4,0
N20003653,42,66,84,21,10
N20003654,49,77,70,57,10
N20003655,112,63,36,8,0
N20003656,59,83,35,14,2
N20003657,41,50,46,25,1
N20003658,72,68,23,1,0
N20003659,50,68,59,32,0
N20003660,33,53,51,26,8
N20003661,74,62,57,8,0
N20003662,23,43,55,48,16
N20003663,59,54,52,33,0
N20003664,91,72,45,22,1
N20003665,36,36,32,17,2
N20003666,27,59,82,46,4
N20003667,99,77,29,8,1
N20003668,66,62,56,31,3
N20003669,102,87,33,9,0
N20003670,100,49,39,14,0
N20003671,91,50,26,13,1
N20003672,70,39,10,3,0
N20003673,174,65,29,2,0
N20003674,55,40,15,1,0
N20003675,143,28,13,1,0
N20003676,145,62,13,3,0
N20003677,42,66,55,17,1
N20003678,126,52,10,2,0
N20003679,39,65,32,4,1
N20003680,97,113,39,7,1
N20003681,84,57,15,2,0
N20003682,51,67,63,21,4
N20003683,59,57,25,6,0
N20003684,103,93,22,2,1
N20003685,100,68,22,6,0
N20003686,76,52,15,5,0
N20003687,79,68,24,2,0
N20003688,91,50,10,1,0
N20003689,66,62,20,5,0
N20003690,69,47,25,1,0
N20003691,74,68,36,7,0
N20003692,14,47,26,20,1
N20003693,106,69,10,0,0
N20003694,67,75,34,2,0
N20003695,109,87,20,1,0
N20003696,94,105,36,3,0
N20003697,116,81,14,0,0
N20003698,113,104,41,7,0
N20003699,78,68,35,14,2
N20003700,158,76,26,2,0
N20003701,103,68,27,4,0
N20003702,60,57,17,3,0
N20003703,68,45,34,7,0
N20003704,118,91,20,1,0
N20003705,91,55,23,4,0
N20003706,77,58,19,1,0
N20003707,82,74,43,11,5
N20003708,124,85,33,9,0
N20003709,110,76,41,11,0
N20003710,40,46,19,3,0
N20003711,34,50,39,24,2
N20003712,108,114,36,9,1
N20003713,55,47,36,10,0
N20003714,130,70,20,1,0
N20003715,57,74,34,11,0
N20003716,98,79,27,12,0
N20003717,86,42,5,0,0
N20003718,69,82,57,22,4
N20003719,130,100,22,2,0
N20003720,39,70,47,42,8
N20003721,74,71,20,6,1
N20003722,92,85,30,1,0
N20003723,31,51,52,31,4
N20003724,46,63,31,6,0
N20003725,98,87,48,15,4
N20003726,57,56,21,2,0
N20003727,56,66,34,7,0
N20003728,118,68,30,4,0
N20003729,133,55,17,1,0
N20003730,62,50,24,3,0
N20003731,71,51,16,0,0
N20003732,69,96,58,28,5
N20003733,86,75,41,10,0
N20003734,104,83,38,13,0
N20003735,53,82,64,44,7
N20003736,54,49,28,4,1
N20003737,57,47,31,13,1
N20003738,105,110,58,6,1
N20003739,175,121,34,8,0
N20003740,88,63,32,4,0
N20003741,57,60,41,16,3
N20003742,53,48,34,14,2
N20003743,126,113,51,7,0
N20003744,62,57,44,7,0
N20003745,67,68,33,5,0
N20003746,88,67,33,7,0
N20003747,82,65,23,6,0
N20003748,61,64,39,4,0
N20003749,64,39,40,16,6
N20003750,44,86,57,26,6
N20003751,48,69,57,18,0
N20003752,59,65,44,8,1
N20003753,74,47,24,19,1
N20003754,66,82,62,16,3
N20003755,79,72,22,8,0
N20003756,66,84,52,29,4
N20003757,105,112,53,12,0
N20003758,115,115,87,11,2
N20003759,55,71,68,15,0
N20003760,69,60,37,9,1
N20003761,107,74,43,8,0
N20003762,61,55,32,5,0
N20003763,85,72,28,10,0
N20003764,37,61,43,11,0
N20003765,28,52,50,22,4
N20003766,95,83,43,17,0
N20003767,48,62,31,8,2
N20003768,55,65,59,19,1
N20003769,84,62,24,6,0
N20003770,67,65,34,11,0
N20003771,118,101,41,5,1
N20003772,78,72,40,22,1
N20003773,111,89,43,12,0
N20003774,73,62,24,2,1
N20003775,73,77,70,18,6
N20003776,59,62,32,9,2
N20003777,46,66,57,24,5
N20003778,54,77,39,15,2
N20003779,64,71,55,32,10
N20003780,76,62,27,6,0
