dz_2021_code,very_good,good,fair,bad,very_bad
N20000001,403,226,78,19,12
N20000002,163,112,39,13,4
N20000003,201,104,44,10,1
N20000004,382,197,58,16,10
N20000005,372,184,83,23,14
N20000006,261,117,59,22,5
N20000007,504,236,95,36,9
N20000008,340,192,83,18,9
N20000009,207,124,51,15,3
N20000010,310,149,60,19,7
N20000011,237,163,82,28,15
N20000012,214,165,81,30,13
N20000013,173,131,54,43,6
N20000014,248,161,60,26,11
N20000015,245,174,115,42,10
N20000016,235,131,59,22,6
N20000017,351,206,86,24,9
N20000018,296,124,41,19,6
N20000019,135,113,102,33,9
N20000020,236,169,94,42,20
N20000021,306,158,61,14,5
N20000022,293,102,37,6,3
N20000023,245,158,67,24,7
N20000024,381,143,65,19,9
N20000025,293,82,32,6,1
N20000026,319,173,47,12,3
N20000027,372,131,47,5,3
N20000028,303,157,61,20,9
N20000029,271,189,74,11,7
N20000030,306,131,43,15,1
N20000031,277,149,62,30,14
N20000032,296,96,45,15,7
N20000033,326,134,58,16,2
N20000034,259,119,40,18,4
N20000035,385,191,64,28,3
N20000036,197,107,46,19,5
N20000037,168,148,55,32,18
N20000038,372,181,45,13,17
N20000039,210,160,77,42,10
N20000040,201,121,27,14,9
N20000041,503,278,102,36,12
N20000042,417,178,52,15,2
N20000043,525,207,70,12,6
N20000044,282,137,56,12,5
N20000045,232,142,60,31,1
N20000046,227,210,76,34,24
N20000047,241,133,103,36,3
N20000048,246,188,79,40,9
N20000049,205,169,107,54,19
N20000050,171,131,66,43,14
N20000051,226,115,91,43,16
N20000052,204,157,89,43,8
N20000053,148,129,75,41,15
N20000054,238,146,92,34,7
N20000055,148,97,64,22,5
N20000056,210,146,85,30,11
N20000057,220,146,67,25,7
N20000058,159,141,71,28,16
N20000059,147,127,79,47,12
N20000060,185,109,46,14,3
N20000061,144,142,63,29,4
N20000062,245,184,102,49,17
N20000063,140,132,45,29,8
N20000064,149,139,69,28,7
N20000065,201,165,99,18,8
N20000066,133,101,57,25,9
N20000067,225,125,99,48,22
N20000068,111,101,121,64,26
N20000069,258,131,56,16,0
N20000070,174,163,63,16,10
N20000071,164,102,46,17,9
N20000072,299,176,64,15,6
N20000073,207,138,72,44,12
N20000074,187,150,85,41,5
N20000075,277,109,30,10,7
N20000076,166,123,49,24,11
N20000077,109,88,69,29,12
N20000078,103,108,66,32,11
N20000079,134,133,80,35,5
N20000080,333,219,54,24,3
N20000081,141,99,59,28,7
N20000082,185,130,93,32,9
N20000083,95,81,67,17,10
N20000084,102,96,62,22,6
N20000085,368,154,45,23,4
N20000086,347,149,82,24,8
N20000087,247,142,62,17,5
N20000088,286,143,35,16,5
N20000089,400,187,59,27,7
N20000090,496,216,71,16,4
N20000091,276,162,56,15,0
N20000092,471,229,71,23,8
N20000093,129,136,86,46,11
N20000094,302,92,31,0,0
N20000095,179,108,72,26,12
N20000096,311,158,78,29,6
N20000097,233,188,111,32,11
N20000098,166,130,59,20,7
N20000099,232,150,62,16,4
N20000100,385,194,90,30,8
N20000101,274,123,54,11,2
N20000102,236,162,56,17,4
N20000103,124,96,83,38,12
N20000104,243,149,81,44,16
N20000105,203,113,54,31,5
N20000106,206,108,72,22,5
N20000107,180,129,54,32,6
N20000108,100,87,88,60,14
N20000109,281,186,61,22,5
N20000110,370,205,66,14,6
N20000111,212,176,110,48,9
N20000112,110,113,73,21,6
N20000113,202,117,51,29,3
N20000114,190,151,72,21,5
N20000115,391,211,95,23,7
N20000116,175,90,32,11,2
N20000117,181,108,35,14,5
N20000118,205,121,56,24,12
N20000119,147,115,51,17,2
N20000120,192,145,38,23,4
N20000121,364,214,92,22,13
N20000122,418,197,73,21,3
N20000123,305,118,51,13,0
N20000124,236,145,61,14,1
N20000125,204,144,71,16,7
N20000126,409,156,35,10,1
N20000127,78,61,36,18,0
N20000128,389,223,58,26,5
N20000129,342,220,142,81,41
N20000130,291,168,69,24,7
N20000131,190,96,63,34,7
N20000132,367,179,52,4,1
N20000133,406,238,69,21,6
N20000134,400,207,48,17,5
N20000135,215,189,80,28,11
N20000136,150,192,100,35,14
N20000137,188,166,63,32,7
N20000138,203,162,80,34,16
N20000139,192,160,63,33,14
N20000140,465,212,37,5,1
N20000141,223,103,17,7,1
N20000142,121,116,63,31,18
N20000143,356,187,59,15,8
N20000144,198,114,48,19,3
N20000145,67,92,43,46,13
N20000146,162,117,74,37,11
N20000147,211,149,87,42,14
N20000148,133,100,51,23,3
N20000149,325,178,87,21,4
N20000150,119,92,55,33,20
N20000151,282,200,84,35,9
N20000152,216,103,40,11,0
N20000153,169,184,111,57,25
N20000154,367,231,108,56,24
N20000155,115,109,78,39,14
N20000156,350,211,66,36,11
N20000157,331,198,99,36,11
N20000158,298,208,70,16,4
N20000159,174,102,66,37,5
N20000160,265,78,16,4,2
N20000161,301,168,54,21,3
N20000162,339,207,126,52,24
N20000163,333,125,49,22,3
N20000164,337,171,44,12,4
N20000165,235,153,48,17,5
N20000166,188,128,58,6,9
N20000167,150,109,39,5,4
N20000168,182,137,70,27,11
N20000169,156,124,75,49,24
N20000170,223,139,68,33,11
N20000171,197,154,66,30,9
N20000172,337,186,49,15,9
N20000173,319,188,66,41,25
N20000174,256,192,103,52,20
N20000175,213,126,63,28,12
N20000176,186,127,67,29,3
N20000177,155,101,57,33,9
N20000178,188,125,63,44,18
N20000179,264,177,94,46,10
N20000180,212,137,78,38,16
N20000181,205,145,55,47,10
N20000182,313,190,108,51,15
N20000183,157,154,70,28,14
N20000184,182,121,66,32,14
N20000185,84,77,59,15,7
N20000186,68,67,42,19,5
N20000187,149,91,70,45,16
N20000188,240,149,83,21,8
N20000189,226,163,104,59,20
N20000190,176,89,64,22,6
N20000191,158,129,75,33,10
N20000192,96,71,52,33,7
N20000193,42,70,67,46,13
N20000194,143,101,60,40,13
N20000195,170,139,120,66,36
N20000196,92,49,34,28,13
N20000197,63,54,51,34,11
N20000198,105,106,75,48,27
N20000199,204,133,104,51,20
N20000200,226,178,88,52,17
N20000201,247,178,94,39,9
N20000202,147,127,70,43,11
N20000203,148,115,39,11,3
N20000204,178,129,45,26,2
N20000205,105,84,77,41,11
N20000206,116,87,55,18,7
N20000207,161,135,96,38,18
N20000208,255,120,55,41,13
N20000209,239,150,63,33,15
N20000210,278,147,135,73,26
N20000211,378,164,58,11,3
N20000212,213,136,83,64,17
N20000213,148,106,92,37,8
N20000214,121,104,67,26,3
N20000215,309,138,40,11,3
N20000216,96,104,51,20,9
N20000217,293,183,78,29,11
N20000218,219,193,124,41,9
N20000219,382,238,75,21,6
N20000220,153,148,86,34,13
N20000221,223,198,64,32,7
N20000222,211,154,63,32,25
N20000223,235,146,84,19,8
N20000224,203,164,64,25,5
N20000225,121,78,62,34,15
N20000226,267,220,80,31,7
N20000227,232,161,71,18,7
N20000228,176,128,77,34,11
N20000229,203,112,90,45,13
N20000230,256,163,58,32,12
N20000231,226,155,69,26,12
N20000232,169,84,46,7,7
N20000233,233,127,66,34,18
N20000234,202,123,74,19,4
N20000235,181,122,50,11,3
N20000236,161,117,86,66,11
N20000237,140,132,86,40,17
N20000238,278,189,83,30,3
N20000239,192,164,83,21,4
N20000240,129,129,61,21,8
N20000241,91,111,62,17,10
N20000242,235,125,60,26,5
N20000243,174,118,53,9,3
N20000244,361,185,99,34,15
N20000245,180,112,66,29,11
N20000246,306,145,61,27,4
N20000247,232,133,62,21,9
N20000248,108,89,52,17,4
N20000249,195,79,58,20,1
N20000250,204,130,40,11,5
N20000251,425,206,53,25,4
N20000252,214,139,59,32,5
N20000253,346,165,78,19,9
N20000254,271,133,65,29,2
N20000255,313,149,67,12,4
N20000256,362,143,43,8,6
N20000257,157,91,40,18,2
N20000258,259,151,83,15,8
N20000259,253,186,104,28,17
N20000260,369,202,64,14,2
N20000261,525,242,87,32,7
N20000262,341,203,65,34,8
N20000263,328,159,50,17,8
N20000264,377,195,73,32,8
N20000265,306,168,46,14,3
N20000266,211,105,44,11,6
N20000267,545,199,44,17,3
N20000268,336,212,86,22,10
N20000269,307,199,87,43,11
N20000270,205,107,22,15,1
N20000271,358,120,27,4,2
N20000272,474,138,28,13,3
N20000273,250,104,35,14,2
N20000274,293,167,53,16,6
N20000275,340,111,30,7,3
N20000276,389,157,39,11,4
N20000277,272,107,32,14,9
N20000278,292,134,71,18,8
N20000279,890,359,61,17,6
N20000280,348,191,87,20,12
N20000281,360,176,81,46,4
N20000282,226,138,45,15,5
N20000283,395,217,92,34,12
N20000284,300,198,80,34,5
N20000285,358,173,79,31,8
N20000286,307,129,55,22,7
N20000287,436,194,68,33,7
N20000288,215,136,79,37,13
N20000289,148,118,49,29,12
N20000290,151,64,44,33,10
N20000291,150,98,55,13,1
N20000292,285,171,66,34,6
N20000293,279,156,69,25,5
N20000294,347,229,88,45,17
N20000295,396,167,101,24,13
N20000296,296,127,92,25,15
N20000297,351,195,62,24,7
N20000298,387,178,66,20,13
N20000299,275,140,100,18,11
N20000300,285,124,50,20,7
N20000301,447,160,91,15,5
N20000302,371,233,117,34,15
N20000303,341,208,82,27,12
N20000304,230,151,73,47,7
N20000305,297,180,67,22,2
N20000306,315,144,64,16,1
N20000307,263,105,34,12,2
N20000308,208,147,56,20,6
N20000309,351,205,85,34,7
N20000310,226,132,62,18,2
N20000311,349,117,38,11,2
N20000312,308,194,113,55,26
N20000313,165,126,83,45,17
N20000314,142,120,71,17,5
N20000315,224,170,76,37,6
N20000316,242,123,84,39,10
N20000317,389,207,78,31,6
N20000318,246,176,86,18,3
N20000319,98,67,56,30,11
N20000320,201,159,89,51,9
N20000321,139,92,59,25,12
N20000322,199,123,86,50,16
N20000323,88,70,40,23,11
N20000324,152,116,55,34,5
N20000325,237,107,49,15,2
N20000326,204,187,84,44,10
N20000327,244,143,88,45,24
N20000328,141,115,45,19,5
N20000329,479,216,80,31,3
N20000330,258,124,106,55,19
N20000331,407,114,40,7,5
N20000332,265,178,36,11,7
N20000333,217,162,59,37,14
N20000334,288,184,74,20,5
N20000335,297,73,12,6,1
N20000336,284,118,48,13,0
N20000337,315,123,34,7,3
N20000338,239,117,30,12,5
N20000339,322,154,57,24,5
N20000340,294,143,81,20,5
N20000341,435,166,52,20,4
N20000342,231,110,51,17,8
N20000343,417,182,53,14,5
N20000344,356,146,58,20,3
N20000345,360,155,43,11,2
N20000346,410,148,69,17,13
N20000347,288,153,50,23,5
N20000348,286,169,49,18,3
N20000349,198,141,92,33,6
N20000350,370,156,65,25,12
N20000351,202,137,48,32,12
N20000352,258,158,97,53,13
N20000353,317,119,53,17,6
N20000354,436,200,69,23,9
N20000355,338,129,40,17,3
N20000356,387,177,97,36,5
N20000357,203,109,52,22,7
N20000358,306,152,83,17,3
N20000359,345,128,55,24,3
N20000360,235,96,53,15,3
N20000361,390,189,59,23,8
N20000362,346,176,95,23,8
N20000363,282,128,61,14,5
N20000364,331,140,64,17,7
N20000365,290,154,62,26,7
N20000366,266,121,52,22,6
N20000367,320,164,85,17,12
N20000368,411,172,55,24,7
N20000369,404,163,64,20,3
N20000370,245,111,41,10,8
N20000371,272,155,101,61,20
N20000372,384,168,67,25,8
N20000373,279,158,93,40,10
N20000374,124,130,66,38,8
N20000375,138,90,47,36,11
N20000376,127,74,46,25,5
N20000377,225,155,57,26,10
N20000378,214,107,47,29,12
N20000379,282,198,98,61,18
N20000380,195,85,53,38,16
N20000381,318,159,62,31,6
N20000382,282,183,84,36,8
N20000383,352,188,80,23,9
N20000384,331,210,74,26,9
N20000385,117,109,75,34,9
N20000386,180,143,70,39,8
N20000387,93,92,64,35,9
N20000388,154,118,53,44,14
N20000389,359,213,80,40,9
N20000390,139,149,84,49,16
N20000391,94,95,51,28,7
N20000392,218,155,98,49,16
N20000393,200,130,79,40,11
N20000394,104,115,63,19,9
N20000395,264,194,51,23,11
N20000396,176,117,79,49,9
N20000397,319,230,115,38,13
N20000398,192,162,68,24,7
N20000399,161,153,81,38,9
N20000400,218,133,70,31,7
N20000401,382,168,58,23,4
N20000402,402,250,87,39,7
N20000403,200,166,64,21,9
N20000404,262,209,109,39,10
N20000405,255,154,64,18,3
N20000406,117,98,55,15,9
N20000407,158,154,50,27,12
N20000408,155,84,64,12,6
N20000409,73,76,50,29,10
N20000410,156,110,45,28,14
N20000411,243,176,77,21,9
N20000412,229,175,77,39,5
N20000413,357,223,82,36,9
N20000414,276,132,46,16,5
N20000415,231,144,47,21,1
N20000416,333,201,74,27,8
N20000417,270,177,100,27,5
N20000418,394,193,91,27,8
N20000419,231,145,65,26,16
N20000420,266,130,57,13,8
N20000421,394,210,74,29,5
N20000422,454,216,86,35,5
N20000423,422,212,95,37,12
N20000424,442,217,104,25,6
N20000425,169,100,34,12,3
N20000426,332,151,40,18,8
N20000427,279,171,99,35,8
N20000428,432,248,116,43,15
N20000429,154,135,48,26,6
N20000430,261,128,40,13,12
N20000431,209,129,105,59,18
N20000432,224,153,116,60,23
N20000433,403,217,65,27,7
N20000434,269,194,76,58,16
N20000435,330,239,78,41,11
N20000436,282,140,40,13,5
N20000437,127,112,80,39,7
N20000438,189,121,33,14,5
N20000439,163,113,94,61,25
N20000440,139,134,78,43,12
N20000441,192,123,84,43,6
N20000442,216,127,76,43,9
N20000443,282,137,18,6,0
N20000444,222,145,32,7,2
N20000445,219,153,76,56,18
N20000446,377,211,55,20,4
N20000447,281,182,38,13,4
N20000448,337,151,54,33,7
N20000449,189,117,77,25,6
N20000450,154,83,55,17,4
N20000451,374,235,86,19,8
N20000452,215,129,48,18,12
N20000453,361,162,41,33,4
N20000454,156,82,56,16,11
N20000455,267,130,44,11,6
N20000456,204,127,64,22,6
N20000457,322,180,82,26,8
N20000458,173,143,60,23,5
N20000459,202,115,57,31,12
N20000460,429,202,48,21,6
N20000461,437,167,41,7,4
N20000462,271,141,54,20,3
N20000463,164,140,72,26,12
N20000464,332,133,40,16,2
N20000465,95,74,44,18,10
N20000466,196,138,96,57,17
N20000467,241,165,47,20,11
N20000468,204,137,71,38,9
N20000469,278,184,82,24,5
N20000470,268,145,34,15,4
N20000471,396,162,51,19,3
N20000472,290,148,105,53,14
N20000473,288,115,46,13,4
N20000474,388,219,81,25,11
N20000475,415,168,51,12,2
N20000476,357,138,50,16,8
N20000477,327,140,64,27,8
N20000478,363,169,50,27,9
N20000479,169,108,66,25,14
N20000480,305,119,39,11,4
N20000481,359,177,83,38,4
N20000482,460,198,80,34,5
N20000483,462,169,41,7,3
N20000484,307,158,52,27,7
N20000485,387,132,74,30,10
N20000486,351,163,39,16,5
N20000487,318,138,56,23,5
N20000488,332,135,53,24,2
N20000489,198,152,63,20,9
N20000490,324,192,137,88,44
N20000491,169,122,95,40,11
N20000492,255,159,79,24,11
N20000493,289,185,75,26,17
N20000494,261,127,118,77,30
N20000495,446,145,37,19,5
N20000496,362,199,69,29,11
N20000497,329,110,22,5,1
N20000498,237,121,83,37,13
N20000499,329,160,42,18,7
N20000500,203,103,69,15,8
N20000501,374,148,17,7,2
N20000502,223,139,65,16,6
N20000503,163,101,82,45,16
N20000504,183,99,47,22,6
N20000505,119,90,71,44,18
N20000506,228,141,83,42,8
N20000507,318,208,92,35,8
N20000508,148,128,62,37,12
N20000509,132,98,42,49,13
N20000510,338,183,72,19,6
N20000511,207,145,93,66,25
N20000512,227,151,78,44,13
N20000513,215,120,36,10,0
N20000514,273,133,60,16,5
N20000515,211,164,96,42,13
N20000516,174,129,92,54,25
N20000517,229,129,76,45,16
N20000518,225,135,65,26,8
N20000519,124,89,55,37,10
N20000520,374,193,80,27,3
N20000521,391,176,71,27,10
N20000522,244,138,82,25,9
N20000523,188,151,65,38,5
N20000524,157,115,132,78,37
N20000525,126,106,98,60,20
N20000526,169,105,40,23,4
N20000527,243,157,85,32,10
N20000528,173,116,77,41,10
N20000529,218,147,58,25,10
N20000530,303,135,28,14,3
N20000531,222,116,49,16,6
N20000532,69,57,71,54,10
N20000533,131,114,58,29,5
N20000534,171,118,67,24,10
N20000535,288,133,36,18,5
N20000536,437,210,118,52,35
N20000537,196,184,77,36,4
N20000538,403,160,82,41,3
N20000539,187,120,76,41,9
N20000540,198,126,83,31,15
N20000541,199,126,93,49,19
N20000542,244,136,84,26,5
N20000543,234,129,79,47,19
N20000544,233,152,95,44,16
N20000545,215,147,67,16,5
N20000546,117,94,60,18,8
N20000547,280,156,76,32,5
N20000548,172,172,96,35,14
N20000549,334,201,74,22,7
N20000550,347,116,27,4,0
N20000551,327,169,86,36,6
N20000552,341,173,86,19,5
N20000553,401,197,63,36,14
N20000554,299,129,38,4,7
N20000555,267,156,59,24,6
N20000556,163,104,35,11,7
N20000557,245,119,52,20,4
N20000558,444,187,58,18,8
N20000559,263,130,50,17,2
N20000560,177,105,27,12,2
N20000561,457,225,71,18,4
N20000562,275,114,39,5,2
N20000563,384,188,94,28,7
N20000564,325,157,56,18,4
N20000565,295,163,73,33,10
N20000566,227,150,70,40,11
N20000567,349,184,92,46,13
N20000568,344,142,37,10,4
N20000569,358,191,91,30,14
N20000570,147,129,85,60,12
N20000571,290,202,76,47,7
N20000572,438,203,71,15,5
N20000573,422,212,60,25,8
N20000574,288,218,123,77,21
N20000575,324,167,67,31,5
N20000576,372,180,35,8,3
N20000577,287,143,44,9,5
N20000578,287,191,80,39,6
N20000579,345,167,67,22,7
N20000580,446,209,103,32,6
N20000581,248,114,31,23,5
N20000582,374,177,73,21,5
N20000583,277,139,69,22,10
N20000584,384,195,72,23,10
N20000585,265,115,59,28,12
N20000586,289,163,56,30,8
N20000587,385,233,90,23,15
N20000588,315,145,69,18,9
N20000589,248,120,63,23,3
N20000590,241,128,53,19,13
N20000591,246,123,51,25,7
N20000592,414,160,51,19,11
N20000593,343,162,69,24,11
N20000594,265,99,36,9,2
N20000595,336,153,85,32,9
N20000596,214,139,70,29,4
N20000597,211,98,21,5,2
N20000598,173,141,97,55,30
N20000599,251,147,51,32,10
N20000600,314,152,41,24,11
N20000601,183,141,64,43,15
N20000602,257,126,48,33,9
N20000603,280,157,81,78,9
N20000604,152,103,37,6,2
N20000605,213,111,51,13,3
N20000606,196,112,62,20,10
N20000607,139,78,50,30,7
N20000608,251,143,37,17,2
N20000609,364,195,67,7,2
N20000610,256,192,62,27,6
N20000611,142,113,90,57,8
N20000612,143,124,115,47,28
N20000613,164,103,42,15,4
N20000614,402,224,110,32,13
N20000615,159,105,85,44,18
N20000616,114,98,68,52,11
N20000617,175,91,35,24,4
N20000618,158,145,80,26,11
N20000619,166,110,71,32,11
N20000620,255,193,94,50,19
N20000621,423,239,103,31,7
N20000622,208,113,88,42,9
N20000623,321,138,52,12,7
N20000624,82,76,77,50,13
N20000625,287,164,47,23,8
N20000626,201,148,78,33,4
N20000627,247,186,59,26,8
N20000628,239,141,62,22,5
N20000629,250,152,49,18,6
N20000630,127,108,87,54,22
N20000631,164,112,56,40,5
N20000632,185,124,70,34,17
N20000633,203,137,44,20,2
N20000634,164,109,79,34,9
N20000635,445,144,41,11,3
N20000636,296,168,72,26,8
N20000637,295,171,81,22,5
N20000638,253,152,59,16,1
N20000639,293,150,61,21,5
N20000640,412,204,75,26,6
N20000641,377,197,107,32,15
N20000642,224,139,42,11,5
N20000643,361,118,37,8,2
N20000644,211,109,46,19,4
N20000645,350,193,69,33,12
N20000646,279,135,77,48,18
N20000647,295,157,45,17,10
N20000648,332,188,62,19,4
N20000649,424,217,92,30,12
N20000650,197,128,46,17,4
N20000651,471,177,83,21,10
N20000652,360,153,43,17,5
N20000653,418,180,61,26,3
N20000654,236,160,54,23,8
N20000655,249,106,54,18,9
N20000656,142,96,41,16,4
N20000657,378,188,78,16,9
N20000658,282,135,58,25,6
N20000659,193,129,61,27,9
N20000660,194,179,120,66,16
N20000661,338,153,49,19,5
N20000662,233,139,61,17,13
N20000663,208,127,88,35,12
N20000664,299,178,91,32,12
N20000665,279,130,53,22,5
N20000666,211,154,47,18,3
N20000667,157,109,50,23,9
N20000668,93,75,32,12,11
N20000669,194,167,81,19,8
N20000670,278,143,40,21,2
N20000671,367,201,77,20,7
N20000672,172,91,51,12,2
N20000673,309,187,69,22,6
N20000674,262,131,93,44,17
N20000675,308,154,78,27,13
N20000676,391,187,80,13,3
N20000677,193,106,37,8,3
N20000678,314,178,74,26,15
N20000679,403,242,86,29,11
N20000680,230,121,64,27,12
N20000681,372,195,70,18,7
N20000682,200,155,79,45,16
N20000683,198,123,69,23,8
N20000684,169,105,74,25,9
N20000685,396,248,93,33,10
N20000686,233,104,50,18,12
N20000687,280,157,60,7,2
N20000688,348,191,94,20,15
N20000689,409,185,79,24,7
N20000690,338,182,57,19,5
N20000691,283,151,73,19,8
N20000692,501,209,96,30,9
N20000693,232,146,71,20,6
N20000694,417,191,74,25,8
N20000695,436,172,71,19,6
N20000696,199,123,78,15,8
N20000697,309,187,101,26,12
N20000698,101,87,38,17,5
N20000699,365,116,55,22,3
N20000700,361,148,64,17,9
N20000701,491,166,69,16,8
N20000702,307,110,57,17,10
N20000703,370,155,63,21,5
N20000704,179,119,65,29,4
N20000705,220,98,68,54,14
N20000706,489,179,70,21,7
N20000707,318,136,51,25,7
N20000708,282,188,70,17,8
N20000709,447,186,71,23,9
N20000710,481,243,104,35,11
N20000711,405,227,75,44,13
N20000712,269,136,45,19,4
N20000713,294,156,82,39,12
N20000714,114,72,39,16,7
N20000715,257,170,81,52,21
N20000716,245,215,95,54,17
N20000717,265,156,95,60,14
N20000718,230,120,53,35,11
N20000719,229,110,87,62,38
N20000720,172,124,51,32,10
N20000721,142,124,58,26,8
N20000722,164,134,73,29,12
N20000723,241,168,103,44,15
N20000724,280,113,29,18,6
N20000725,167,86,54,45,20
N20000726,243,160,79,44,10
N20000727,156,118,76,31,9
N20000728,156,120,95,43,13
N20000729,153,103,60,36,7
N20000730,274,185,116,52,75
N20000731,456,194,53,21,4
N20000732,229,140,81,52,14
N20000733,294,167,74,45,10
N20000734,195,100,38,21,4
N20000735,241,149,75,41,12
N20000736,146,122,73,63,22
N20000737,197,126,100,44,25
N20000738,227,133,60,38,9
N20000739,93,96,65,46,9
N20000740,188,131,74,33,7
N20000741,199,120,70,47,12
N20000742,160,117,80,24,7
N20000743,199,138,59,38,13
N20000744,186,158,84,53,12
N20000745,175,97,64,41,24
N20000746,333,156,116,50,18
N20000747,164,112,53,45,16
N20000748,317,156,116,69,30
N20000749,309,157,118,40,25
N20000750,225,145,94,43,24
N20000751,192,106,59,56,14
N20000752,168,92,71,50,14
N20000753,191,128,88,55,25
N20000754,78,50,39,34,19
N20000755,202,129,96,49,27
N20000756,206,98,74,59,24
N20000757,229,97,59,44,12
N20000758,255,133,95,60,20
N20000759,205,109,62,42,11
N20000760,161,118,71,44,20
N20000761,218,132,78,67,34
N20000762,155,99,67,48,7
N20000763,161,101,49,39,23
N20000764,119,99,103,52,22
N20000765,148,82,57,64,18
N20000766,144,88,57,26,10
N20000767,203,126,104,83,47
N20000768,202,109,81,61,30
N20000769,219,154,60,35,15
N20000770,268,141,94,54,23
N20000771,146,103,84,63,21
N20000772,85,71,36,21,8
N20000773,142,94,94,77,18
N20000774,82,55,47,26,18
N20000775,179,107,71,60,24
N20000776,155,145,119,79,37
N20000777,101,50,33,27,17
N20000778,78,51,49,53,23
N20000779,101,82,68,71,23
N20000780,28,27,43,45,19
N20000781,138,107,67,81,25
N20000782,155,86,85,54,21
N20000783,230,164,100,63,24
N20000784,149,95,59,58,21
N20000785,167,97,95,79,32
N20000786,98,65,74,29,10
N20000787,244,160,69,34,10
N20000788,345,230,99,37,24
N20000789,209,143,63,33,2
N20000790,170,125,107,45,26
N20000791,232,159,71,33,9
N20000792,185,145,71,27,10
N20000793,241,169,68,32,15
N20000794,240,159,104,56,11
N20000795,276,200,107,50,17
N20000796,433,195,53,27,6
N20000797,253,152,72,41,11
N20000798,187,128,104,56,24
N20000799,359,150,39,14,0
N20000800,267,184,94,31,19
N20000801,209,141,84,58,8
N20000802,317,137,55,15,2
N20000803,329,151,41,14,9
N20000804,180,107,29,23,7
N20000805,318,171,63,18,2
N20000806,271,130,43,23,11
N20000807,345,185,50,18,6
N20000808,343,135,34,6,2
N20000809,280,183,67,26,3
N20000810,255,118,44,8,3
N20000811,297,171,109,57,9
N20000812,189,77,42,10,0
N20000813,66,54,70,40,16
N20000814,151,85,64,24,14
N20000815,193,116,41,18,6
N20000816,343,175,74,18,2
N20000817,364,138,141,71,32
N20000818,211,131,56,28,15
N20000819,166,114,48,22,7
N20000820,177,126,76,50,13
N20000821,122,113,50,22,11
N20000822,133,71,28,8,2
N20000823,223,183,58,26,11
N20000824,319,168,99,26,24
N20000825,162,92,36,22,8
N20000826,110,120,60,14,6
N20000827,295,144,60,9,8
N20000828,156,97,55,25,7
N20000829,115,114,62,22,13
N20000830,136,122,70,36,13
N20000831,229,160,93,32,10
N20000832,121,61,76,44,9
N20000833,235,143,88,38,17
N20000834,142,81,82,24,11
N20000835,318,213,124,52,15
N20000836,170,135,112,51,26
N20000837,231,187,103,43,11
N20000838,220,150,62,25,6
N20000839,137,115,72,24,11
N20000840,174,119,51,30,7
N20000841,467,255,106,42,22
N20000842,128,114,38,32,8
N20000843,150,84,62,30,18
N20000844,209,131,100,55,25
N20000845,145,94,62,32,11
N20000846,186,106,69,33,15
N20000847,136,79,59,32,7
N20000848,224,132,67,37,17
N20000849,262,165,80,45,23
N20000850,92,85,60,31,15
N20000851,197,98,87,59,26
N20000852,195,121,69,39,15
N20000853,189,144,114,54,31
N20000854,183,117,25,2,2
N20000855,860,443,149,36,9
N20000856,163,119,81,56,23
N20000857,347,178,34,5,3
N20000858,166,122,76,53,14
N20000859,161,133,52,24,4
N20000860,193,163,92,33,10
N20000861,173,127,67,37,8
N20000862,223,142,68,29,9
N20000863,148,98,40,28,6
N20000864,79,59,31,18,5
N20000865,190,114,55,30,7
N20000866,188,129,63,17,4
N20000867,163,122,76,24,8
N20000868,184,110,49,29,3
N20000869,178,110,57,28,12
N20000870,137,100,93,57,20
N20000871,176,116,68,29,12
N20000872,232,150,52,20,7
N20000873,122,95,64,33,13
N20000874,107,69,67,44,25
N20000875,215,138,69,28,8
N20000876,125,81,28,18,3
N20000877,184,141,112,60,31
N20000878,227,91,20,10,3
N20000879,104,93,37,23,7
N20000880,139,121,82,50,24
N20000881,202,144,76,35,10
N20000882,275,164,38,17,5
N20000883,143,124,63,27,16
N20000884,103,77,73,42,6
N20000885,171,113,50,36,19
N20000886,182,118,84,55,16
N20000887,298,150,82,71,36
N20000888,245,193,52,27,6
N20000889,159,86,29,8,1
N20000890,274,144,45,13,2
N20000891,128,124,61,45,18
N20000892,199,127,113,59,27
N20000893,212,149,92,52,11
N20000894,262,146,74,45,21
N20000895,93,83,35,18,5
N20000896,332,201,108,64,25
N20000897,214,103,79,12,3
N20000898,95,102,46,22,5
N20000899,176,165,58,32,13
N20000900,126,112,59,47,9
N20000901,181,120,34,16,6
N20000902,326,146,85,37,12
N20000903,169,104,71,66,21
N20000904,199,133,87,63,32
N20000905,168,124,73,33,10
N20000906,61,84,37,22,9
N20000907,179,112,78,25,8
N20000908,187,129,73,33,8
N20000909,368,186,95,37,7
N20000910,166,95,65,43,16
N20000911,92,73,68,35,9
N20000912,167,92,53,27,11
N20000913,145,95,40,34,5
N20000914,141,98,63,29,11
N20000915,117,94,43,23,3
N20000916,171,127,66,28,11
N20000917,172,158,67,31,7
N20000918,116,89,76,41,13
N20000919,173,124,76,39,7
N20000920,111,103,75,27,10
N20000921,105,87,59,45,13
N20000922,151,112,81,54,20
N20000923,156,145,53,16,2
N20000924,210,139,82,40,18
N20000925,106,80,32,19,1
N20000926,135,107,50,22,7
N20000927,265,168,88,47,18
N20000928,126,106,42,26,5
N20000929,141,106,44,23,5
N20000930,85,74,35,30,13
N20000931,207,161,84,38,18
N20000932,147,110,56,31,8
N20000933,188,126,46,32,7
N20000934,235,140,76,28,7
N20000935,201,143,65,31,9
N20000936,164,117,133,73,32
N20000937,224,133,64,35,13
N20000938,136,108,38,18,6
N20000939,165,109,51,17,6
N20000940,155,110,38,18,3
N20000941,272,197,98,45,17
N20000942,222,118,50,24,15
N20000943,163,130,41,27,6
N20000944,213,96,41,10,6
N20000945,205,116,43,19,2
N20000946,161,113,35,9,4
N20000947,153,98,69,36,18
N20000948,153,121,64,26,17
N20000949,199,166,117,74,23
N20000950,229,162,63,25,5
N20000951,112,100,48,22,5
N20000952,253,113,47,11,15
N20000953,303,179,66,14,10
N20000954,186,100,33,13,5
N20000955,260,102,23,8,1
N20000956,409,260,110,33,18
N20000957,166,158,70,32,17
N20000958,323,193,109,30,10
N20000959,273,158,49,12,6
N20000960,312,155,53,12,6
N20000961,271,118,56,7,1
N20000962,359,198,69,20,9
N20000963,205,99,20,7,1
N20000964,167,107,78,25,9
N20000965,319,141,57,5,5
N20000966,216,133,42,23,8
N20000967,289,130,50,20,6
N20000968,266,141,85,25,15
N20000969,325,178,62,26,4
N20000970,255,149,80,28,7
N20000971,330,135,44,18,10
N20000972,108,60,25,7,4
N20000973,193,100,26,6,2
N20000974,266,122,35,13,0
N20000975,338,176,73,10,3
N20000976,221,169,67,33,9
N20000977,210,122,73,12,9
N20000978,199,116,42,9,7
N20000979,323,146,54,7,6
N20000980,207,143,110,44,18
N20000981,242,148,64,16,6
N20000982,399,162,48,7,5
N20000983,311,162,80,38,7
N20000984,331,157,49,19,1
N20000985,170,92,16,3,1
N20000986,160,91,59,16,4
N20000987,218,184,54,25,12
N20000988,317,200,137,44,6
N20000989,155,141,72,52,18
N20000990,201,117,39,18,5
N20000991,191,112,36,13,2
N20000992,189,130,49,17,10
N20000993,269,166,86,17,5
N20000994,238,193,102,28,9
N20000995,496,215,55,12,4
N20000996,146,123,87,55,21
N20000997,338,206,77,33,7
N20000998,184,117,50,17,2
N20000999,110,80,52,24,7
N20001000,122,99,80,43,15
N20001001,257,134,52,19,3
N20001002,118,84,40,18,4
N20001003,144,112,52,20,10
N20001004,178,159,72,37,14
N20001005,309,137,61,17,9
N20001006,331,199,93,24,6
N20001007,382,238,94,38,17
N20001008,290,181,67,17,6
N20001009,185,141,65,25,14
N20001010,275,122,32,9,1
N20001011,232,182,85,49,18
N20001012,98,94,59,27,12
N20001013,255,186,76,23,9
N20001014,203,155,80,51,13
N20001015,305,190,80,30,7
N20001016,333,186,94,35,7
N20001017,123,127,46,18,6
N20001018,91,87,44,21,7
N20001019,247,165,64,28,5
N20001020,329,208,75,20,3
N20001021,262,119,58,12,7
N20001022,232,152,49,17,6
N20001023,238,135,53,19,3
N20001024,379,155,34,8,5
N20001025,136,85,35,8,3
N20001026,166,125,71,41,10
N20001027,173,104,52,23,11
N20001028,247,173,63,39,15
N20001029,147,129,38,16,6
N20001030,194,97,44,9,5
N20001031,182,88,40,13,3
N20001032,171,97,28,14,7
N20001033,276,150,76,32,10
N20001034,314,165,66,11,3
N20001035,364,138,54,7,4
N20001036,231,108,46,17,2
N20001037,273,128,43,21,2
N20001038,218,160,89,59,20
N20001039,255,174,91,34,7
N20001040,277,170,93,53,23
N20001041,212,174,98,59,19
N20001042,252,98,70,48,10
N20001043,128,90,39,7,2
N20001044,118,115,90,67,21
N20001045,183,111,55,27,10
N20001046,344,256,129,45,9
N20001047,270,181,71,26,7
N20001048,161,95,27,13,8
N20001049,152,120,60,18,11
N20001050,313,172,76,22,1
N20001051,197,151,54,34,4
N20001052,212,140,48,29,0
N20001053,317,220,127,64,21
N20001054,249,144,67,17,6
N20001055,143,86,52,20,4
N20001056,299,213,66,27,9
N20001057,166,91,52,17,7
N20001058,223,148,106,59,18
N20001059,208,150,60,23,7
N20001060,221,132,60,19,6
N20001061,281,191,69,26,10
N20001062,144,106,26,12,1
N20001063,359,172,73,23,6
N20001064,146,79,58,30,16
N20001065,217,156,114,42,17
N20001066,388,177,48,7,3
N20001067,203,110,35,11,4
N20001068,292,117,36,12,6
N20001069,254,131,61,16,4
N20001070,410,167,58,30,3
N20001071,228,111,41,13,1
N20001072,284,144,63,28,10
N20001073,315,166,50,17,0
N20001074,258,118,43,19,7
N20001075,282,124,41,13,6
N20001076,336,172,67,27,9
N20001077,311,219,75,25,2
N20001078,141,93,37,15,1
N20001079,165,118,46,21,5
N20001080,930,424,95,13,4
N20001081,172,128,44,21,9
N20001082,156,107,76,40,25
N20001083,168,126,89,36,28
N20001084,398,224,89,42,21
N20001085,321,206,20,2,6
N20001086,121,73,121,61,23
N20001087,501,296,69,22,13
N20001088,267,125,48,25,6
N20001089,78,54,55,32,7
N20001090,288,194,80,46,18
N20001091,159,122,56,31,13
N20001092,195,119,85,57,19
N20001093,137,126,71,49,20
N20001094,152,90,67,45,24
N20001095,187,168,101,51,34
N20001096,188,143,73,32,17
N20001097,90,106,52,50,17
N20001098,162,117,62,19,12
N20001099,159,105,42,19,7
N20001100,193,107,57,29,10
N20001101,223,148,60,52,19
N20001102,136,96,39,23,6
N20001103,277,167,44,11,5
N20001104,209,120,97,37,18
N20001105,209,100,17,4,2
N20001106,245,167,66,22,7
N20001107,231,151,31,8,3
N20001108,118,55,23,15,7
N20001109,250,148,87,45,24
N20001110,114,81,38,31,21
N20001111,144,139,51,39,9
N20001112,310,150,35,10,8
N20001113,271,148,44,11,4
N20001114,233,119,42,20,13
N20001115,354,187,61,13,4
N20001116,135,93,58,37,15
N20001117,140,97,53,19,11
N20001118,232,151,64,29,8
N20001119,249,133,21,6,2
N20001120,403,161,26,3,0
N20001121,368,174,55,20,14
N20001122,157,63,23,6,0
N20001123,259,127,44,10,3
N20001124,328,212,59,15,3
N20001125,201,107,16,7,2
N20001126,379,187,63,20,4
N20001127,292,171,47,16,6
N20001128,109,85,37,17,6
N20001129,197,142,58,24,5
N20001130,373,132,23,9,2
N20001131,399,154,28,16,1
N20001132,222,175,71,26,13
N20001133,475,234,57,14,4
N20001134,380,148,40,11,1
N20001135,354,187,56,15,4
N20001136,312,135,33,6,2
N20001137,281,151,30,4,9
N20001138,216,144,65,32,8
N20001139,399,182,45,14,4
N20001140,309,163,53,20,11
N20001141,132,87,55,25,16
N20001142,368,187,56,6,1
N20001143,313,182,40,10,2
N20001144,288,164,58,11,3
N20001145,144,60,12,4,1
N20001146,140,92,33,8,0
N20001147,157,147,75,29,8
N20001148,257,114,37,15,4
N20001149,331,208,65,30,8
N20001150,207,113,55,15,2
N20001151,345,142,47,6,3
N20001152,186,112,35,8,3
N20001153,412,178,39,8,1
N20001154,137,102,42,18,6
N20001155,207,152,51,17,9
N20001156,377,175,85,28,12
N20001157,239,122,34,12,1
N20001158,201,125,59,35,12
N20001159,227,134,53,15,8
N20001160,152,98,45,21,5
N20001161,224,110,48,13,17
N20001162,1359,621,154,13,2
N20001163,180,104,35,6,3
N20001164,256,163,78,24,5
N20001165,232,163,59,20,4
N20001166,342,156,39,11,3
N20001167,431,161,58,17,3
N20001168,311,137,37,9,4
N20001169,359,110,41,13,4
N20001170,288,119,46,13,1
N20001171,149,76,38,22,5
N20001172,738,211,53,11,2
N20001173,241,127,38,8,4
N20001174,379,148,28,13,3
N20001175,200,98,29,17,0
N20001176,270,119,36,7,5
N20001177,307,120,44,12,2
N20001178,295,175,57,11,3
N20001179,126,95,35,10,2
N20001180,201,61,20,2,4
N20001181,161,78,33,5,2
N20001182,309,126,25,8,1
N20001183,312,97,29,11,3
N20001184,396,208,98,26,15
N20001185,335,123,37,8,4
N20001186,331,139,41,17,7
N20001187,135,66,29,21,3
N20001188,189,110,38,8,3
N20001189,289,101,32,11,4
N20001190,235,146,83,27,7
N20001191,297,96,30,7,1
N20001192,254,151,77,27,11
N20001193,215,84,45,4,3
N20001194,176,96,40,18,13
N20001195,365,219,68,21,7
N20001196,250,116,29,9,0
N20001197,218,131,60,18,9
N20001198,322,110,49,14,1
N20001199,337,153,41,8,2
N20001200,228,116,84,23,10
N20001201,276,130,46,10,7
N20001202,221,101,44,21,6
N20001203,240,122,70,27,7
N20001204,293,123,42,16,5
N20001205,146,113,67,29,11
N20001206,47,60,31,11,5
N20001207,102,88,74,39,19
N20001208,225,154,97,63,21
N20001209,157,119,73,35,12
N20001210,207,166,66,42,11
N20001211,193,144,82,29,16
N20001212,162,88,22,7,1
N20001213,162,99,51,22,9
N20001214,190,144,46,38,9
N20001215,284,228,88,47,9
N20001216,136,96,46,9,4
N20001217,301,151,74,26,10
N20001218,244,82,32,11,2
N20001219,221,138,47,12,6
N20001220,225,188,81,33,7
N20001221,218,155,48,16,6
N20001222,158,121,61,29,13
N20001223,283,174,102,50,14
N20001224,156,118,76,32,10
N20001225,91,84,43,16,4
N20001226,222,136,50,10,6
N20001227,91,88,46,36,11
N20001228,99,114,83,52,13
N20001229,142,134,89,44,9
N20001230,387,160,61,11,5
N20001231,330,156,46,15,6
N20001232,334,144,76,44,11
N20001233,281,137,51,23,0
N20001234,282,133,42,9,4
N20001235,86,81,79,50,24
N20001236,398,162,88,38,18
N20001237,173,140,72,38,10
N20001238,107,71,55,28,7
N20001239,364,140,105,40,21
N20001240,237,130,87,57,25
N20001241,296,164,79,54,22
N20001242,323,174,120,83,29
N20001243,338,171,110,65,34
N20001244,346,244,132,56,16
N20001245,234,107,65,26,8
N20001246,351,204,113,45,10
N20001247,189,148,69,57,16
N20001248,210,114,66,53,22
N20001249,228,194,128,75,22
N20001250,224,102,50,20,13
N20001251,364,203,76,39,14
N20001252,242,123,102,55,24
N20001253,413,175,86,45,19
N20001254,276,165,89,94,34
N20001255,332,177,123,83,37
N20001256,208,128,80,50,16
N20001257,262,158,95,54,28
N20001258,556,265,105,42,12
N20001259,352,197,95,49,28
N20001260,321,123,41,16,4
N20001261,390,199,131,97,39
N20001262,202,102,59,64,21
N20001263,295,123,81,73,26
N20001264,467,196,89,51,20
N20001265,270,142,65,29,8
N20001266,287,122,99,65,31
N20001267,384,137,35,15,4
N20001268,295,157,83,63,25
N20001269,196,117,85,91,25
N20001270,122,84,64,61,13
N20001271,276,117,43,12,0
N20001272,285,170,89,66,38
N20001273,249,99,26,12,2
N20001274,188,91,57,36,19
N20001275,233,107,37,15,2
N20001276,241,91,88,56,19
N20001277,376,195,80,63,25
N20001278,346,132,52,19,5
N20001279,380,164,38,23,2
N20001280,135,98,61,15,2
N20001281,178,89,37,8,1
N20001282,271,167,45,21,11
N20001283,140,85,71,50,12
N20001284,416,158,56,14,3
N20001285,151,94,47,33,10
N20001286,161,78,37,27,5
N20001287,171,118,70,34,15
N20001288,238,118,77,59,26
N20001289,195,111,51,28,12
N20001290,627,312,124,49,20
N20001291,347,138,58,27,6
N20001292,300,151,86,26,6
N20001293,158,80,70,46,15
N20001294,113,77,30,8,3
N20001295,149,89,48,42,12
N20001296,193,115,68,19,6
N20001297,206,103,85,62,25
N20001298,291,153,107,73,26
N20001299,227,85,84,78,21
N20001300,288,149,88,71,37
N20001301,304,158,120,109,45
N20001302,189,128,77,81,22
N20001303,234,128,70,43,13
N20001304,231,117,93,73,29
N20001305,237,106,89,72,38
N20001306,116,57,61,42,15
N20001307,295,166,63,50,13
N20001308,394,226,126,78,24
N20001309,478,224,108,56,28
N20001310,250,151,98,83,32
N20001311,183,116,60,28,8
N20001312,183,127,62,32,9
N20001313,208,128,87,74,35
N20001314,273,163,105,86,24
N20001315,218,124,69,47,8
N20001316,218,118,77,57,59
N20001317,201,133,88,73,24
N20001318,216,121,100,29,9
N20001319,145,92,51,40,12
N20001320,171,98,107,64,32
N20001321,244,173,96,53,25
N20001322,206,136,63,39,11
N20001323,118,91,70,49,19
N20001324,242,115,72,59,27
N20001325,299,161,159,96,43
N20001326,303,159,106,71,30
N20001327,225,117,58,27,8
N20001328,224,161,116,83,25
N20001329,141,66,65,28,2
N20001330,211,108,46,34,11
N20001331,262,119,69,42,9
N20001332,235,123,70,42,14
N20001333,215,120,64,40,9
N20001334,309,205,113,54,23
N20001335,191,58,32,25,10
N20001336,83,62,57,32,17
N20001337,193,97,70,50,12
N20001338,173,102,53,29,14
N20001339,323,181,111,46,21
N20001340,235,92,64,38,8
N20001341,173,96,30,18,3
N20001342,293,129,90,48,19
N20001343,191,109,73,35,25
N20001344,123,88,51,43,17
N20001345,230,122,74,33,24
N20001346,220,118,91,67,17
N20001347,34,67,96,75,42
N20001348,176,112,91,59,20
N20001349,185,100,71,36,17
N20001350,202,127,60,35,13
N20001351,353,152,68,47,11
N20001352,245,104,103,57,26
N20001353,127,73,48,29,12
N20001354,182,98,80,51,19
N20001355,200,121,86,44,25
N20001356,296,177,107,65,22
N20001357,179,103,72,37,20
N20001358,252,159,91,58,25
N20001359,248,128,82,72,23
N20001360,242,90,59,26,10
N20001361,278,163,54,36,10
N20001362,215,126,77,58,24
N20001363,258,167,111,66,23
N20001364,269,157,91,55,19
N20001365,228,111,71,49,25
N20001366,170,111,84,36,9
N20001367,190,115,67,23,8
N20001368,144,45,41,15,7
N20001369,216,122,80,43,12
N20001370,213,149,78,59,25
N20001371,210,143,76,32,2
N20001372,146,94,51,34,11
N20001373,230,158,107,67,26
N20001374,234,128,83,27,4
N20001375,233,177,105,54,14
N20001376,63,64,38,28,15
N20001377,99,64,97,91,36
N20001378,239,143,98,64,13
N20001379,185,149,105,42,9
N20001380,321,177,105,31,13
N20001381,295,196,119,92,41
N20001382,137,131,87,50,21
N20001383,239,148,119,67,14
N20001384,238,158,112,61,27
N20001385,127,83,67,65,23
N20001386,186,120,61,23,3
N20001387,146,106,81,56,31
N20001388,285,143,41,23,9
N20001389,246,147,84,63,22
N20001390,292,154,89,50,17
N20001391,229,126,65,23,5
N20001392,174,125,68,25,15
N20001393,72,43,47,37,11
N20001394,112,128,65,26,13
N20001395,95,72,66,47,13
N20001396,118,111,99,63,40
N20001397,140,127,112,51,29
N20001398,131,93,73,50,16
N20001399,216,116,118,78,34
N20001400,108,66,46,22,12
N20001401,240,210,131,86,18
N20001402,279,204,53,23,6
N20001403,100,90,50,26,14
N20001404,158,118,66,46,19
N20001405,221,124,91,62,25
N20001406,91,79,77,56,23
N20001407,145,91,50,40,18
N20001408,134,90,48,49,11
N20001409,69,68,43,34,14
N20001410,78,75,67,53,23
N20001411,185,128,63,56,13
N20001412,100,60,66,38,10
N20001413,242,146,86,61,34
N20001414,136,85,53,41,25
N20001415,134,66,51,56,22
N20001416,162,127,116,68,29
N20001417,171,97,65,42,15
N20001418,151,136,64,39,23
N20001419,174,103,84,54,11
N20001420,148,88,56,33,11
N20001421,174,98,104,51,23
N20001422,199,95,38,12,11
N20001423,89,50,48,38,18
N20001424,273,179,112,45,25
N20001425,152,95,22,15,4
N20001426,147,111,71,52,17
N20001427,295,131,94,67,38
N20001428,227,148,93,76,30
N20001429,275,117,82,73,19
N20001430,125,68,45,35,21
N20001431,123,72,61,46,16
N20001432,122,74,53,45,14
N20001433,154,86,87,71,25
N20001434,115,95,61,53,30
N20001435,172,89,48,31,7
N20001436,167,79,68,49,11
N20001437,170,100,67,53,29
N20001438,177,95,91,42,14
N20001439,286,175,70,33,12
N20001440,148,104,68,52,22
N20001441,246,155,73,42,10
N20001442,225,118,71,52,21
N20001443,155,88,57,40,26
N20001444,269,161,108,67,34
N20001445,158,114,67,39,17
N20001446,261,127,72,28,13
N20001447,180,122,42,21,5
N20001448,139,72,33,11,4
N20001449,187,132,88,39,21
N20001450,284,154,86,22,11
N20001451,114,101,56,24,11
N20001452,314,159,64,27,7
N20001453,268,133,43,19,10
N20001454,238,135,76,61,17
N20001455,165,77,60,25,7
N20001456,338,152,72,33,13
N20001457,250,153,50,18,8
N20001458,287,125,68,23,10
N20001459,396,268,132,57,21
N20001460,213,97,54,20,9
N20001461,263,167,66,27,9
N20001462,319,171,104,31,14
N20001463,166,86,43,20,6
N20001464,302,118,55,18,4
N20001465,348,144,55,18,9
N20001466,446,199,119,28,9
N20001467,138,101,45,26,8
N20001468,388,166,84,40,10
N20001469,359,199,81,28,6
N20001470,141,97,47,39,9
N20001471,155,97,61,36,10
N20001472,237,105,70,32,12
N20001473,344,175,88,31,6
N20001474,130,93,61,32,9
N20001475,290,137,65,26,3
N20001476,305,121,40,24,3
N20001477,414,148,55,18,16
N20001478,364,156,64,36,6
N20001479,404,172,87,31,8
N20001480,245,124,50,18,2
N20001481,363,332,191,106,27
N20001482,363,202,106,35,9
N20001483,148,141,69,26,10
N20001484,269,183,159,92,30
N20001485,252,131,53,22,2
N20001486,138,147,84,42,7
N20001487,179,122,72,13,9
N20001488,38,71,56,18,7
N20001489,281,220,127,32,11
N20001490,125,112,71,37,10
N20001491,428,178,52,8,7
N20001492,280,103,26,5,3
N20001493,92,82,49,32,12
N20001494,210,139,72,24,5
N20001495,74,86,56,45,12
N20001496,71,79,56,44,11
N20001497,333,142,57,20,4
N20001498,169,139,98,47,20
N20001499,126,82,52,34,12
N20001500,69,70,44,22,15
N20001501,396,194,64,32,11
N20001502,173,114,96,48,13
N20001503,240,102,51,24,7
N20001504,221,144,110,65,17
N20001505,255,167,94,30,12
N20001506,224,98,92,30,20
N20001507,189,154,106,50,13
N20001508,382,194,94,39,21
N20001509,177,129,77,43,16
N20001510,232,139,101,38,13
N20001511,310,186,97,27,6
N20001512,240,114,74,21,7
N20001513,333,154,46,14,5
N20001514,312,238,123,36,8
N20001515,171,149,80,26,10
N20001516,312,191,98,27,5
N20001517,151,106,55,22,3
N20001518,467,252,104,29,5
N20001519,135,85,62,14,7
N20001520,358,194,72,19,7
N20001521,258,164,69,41,9
N20001522,172,121,39,11,5
N20001523,188,128,65,30,13
N20001524,292,141,57,20,6
N20001525,309,184,57,16,5
N20001526,217,158,71,15,10
N20001527,319,223,86,24,9
N20001528,338,199,79,38,10
N20001529,222,120,42,17,7
N20001530,394,203,110,29,12
N20001531,135,101,49,20,8
N20001532,314,164,86,22,6
N20001533,166,128,66,14,5
N20001534,221,101,73,18,8
N20001535,104,106,53,19,7
N20001536,159,116,61,32,11
N20001537,236,160,139,37,12
N20001538,351,136,51,13,3
N20001539,403,194,99,31,7
N20001540,321,131,49,29,7
N20001541,228,130,54,28,6
N20001542,500,258,100,18,6
N20001543,319,219,110,46,16
N20001544,324,183,64,14,8
N20001545,310,116,45,14,5
N20001546,192,92,36,12,5
N20001547,316,243,129,62,24
N20001548,365,253,85,18,4
N20001549,235,123,62,29,11
N20001550,154,146,91,62,20
N20001551,155,97,55,23,6
N20001552,233,127,50,23,15
N20001553,331,200,144,68,18
N20001554,164,151,93,51,24
N20001555,220,169,69,31,7
N20001556,175,91,28,2,2
N20001557,324,213,59,20,4
N20001558,276,182,63,17,3
N20001559,170,120,83,38,20
N20001560,252,162,70,21,3
N20001561,173,144,109,43,9
N20001562,153,107,65,28,5
N20001563,197,163,85,52,22
N20001564,157,134,80,30,11
N20001565,175,141,87,29,11
N20001566,97,82,75,38,21
N20001567,164,123,111,49,17
N20001568,189,149,83,28,10
N20001569,240,100,28,6,1
N20001570,175,167,81,32,11
N20001571,40,56,62,21,7
N20001572,212,147,108,55,27
N20001573,227,166,76,32,14
N20001574,218,185,136,51,17
N20001575,170,128,78,40,19
N20001576,186,136,57,16,6
N20001577,120,99,43,10,4
N20001578,116,65,67,40,12
N20001579,98,81,45,22,15
N20001580,300,156,61,22,6
N20001581,169,139,91,43,15
N20001582,210,141,70,35,14
N20001583,208,169,52,17,6
N20001584,155,131,71,9,1
N20001585,269,179,58,15,7
N20001586,202,150,56,23,4
N20001587,420,211,62,13,3
N20001588,177,100,70,22,8
N20001589,248,222,111,41,5
N20001590,189,157,94,20,11
N20001591,261,202,93,35,8
N20001592,236,128,35,18,5
N20001593,290,162,69,20,5
N20001594,203,199,91,30,4
N20001595,129,104,63,22,9
N20001596,334,166,83,19,6
N20001597,342,254,92,20,6
N20001598,115,111,72,20,6
N20001599,169,103,61,32,8
N20001600,131,78,59,24,10
N20001601,127,137,67,22,3
N20001602,157,117,62,15,2
N20001603,125,121,94,24,10
N20001604,224,157,112,32,15
N20001605,109,136,61,27,7
N20001606,121,79,34,14,4
N20001607,179,127,86,39,15
N20001608,110,110,65,26,7
N20001609,215,83,23,11,3
N20001610,239,187,80,16,12
N20001611,235,175,92,21,4
N20001612,203,127,88,54,11
N20001613,310,170,69,12,4
N20001614,208,162,72,35,9
N20001615,375,189,77,24,4
N20001616,254,185,88,23,9
N20001617,247,157,70,14,5
N20001618,267,159,49,18,3
N20001619,174,133,54,19,8
N20001620,163,129,56,8,7
N20001621,211,152,75,26,5
N20001622,138,127,99,52,18
N20001623,268,146,40,18,1
N20001624,224,124,60,12,3
N20001625,114,70,41,22,2
N20001626,155,149,94,42,20
N20001627,333,171,82,45,8
N20001628,139,87,47,8,4
N20001629,86,83,71,44,6
N20001630,266,129,49,16,2
N20001631,251,136,60,16,3
N20001632,266,216,111,23,16
N20001633,299,165,45,18,7
N20001634,322,177,86,24,11
N20001635,309,186,90,17,5
N20001636,252,154,71,24,7
N20001637,279,145,55,9,1
N20001638,361,194,72,18,6
N20001639,269,157,87,33,11
N20001640,194,106,91,44,38
N20001641,135,91,33,17,3
N20001642,197,162,86,44,7
N20001643,156,119,64,19,6
N20001644,371,206,96,35,9
N20001645,271,161,66,25,6
N20001646,142,94,31,18,2
N20001647,262,147,88,36,4
N20001648,147,100,38,8,5
N20001649,184,98,49,15,8
N20001650,148,131,60,18,4
N20001651,69,45,18,8,0
N20001652,240,158,75,26,8
N20001653,315,193,100,23,9
N20001654,114,71,35,23,7
N20001655,277,176,87,28,10
N20001656,430,225,88,25,10
N20001657,131,95,74,22,10
N20001658,255,181,89,35,7
N20001659,133,129,73,22,4
N20001660,510,233,108,43,12
N20001661,127,107,71,24,7
N20001662,163,134,87,55,24
N20001663,249,167,116,61,15
N20001664,184,101,64,23,4
N20001665,284,167,77,24,6
N20001666,241,170,68,28,13
N20001667,221,122,68,11,5
N20001668,354,173,80,23,9
N20001669,227,123,86,37,8
N20001670,182,105,53,21,4
N20001671,183,119,83,33,4
N20001672,294,185,92,33,10
N20001673,292,169,90,23,14
N20001674,326,200,78,22,7
N20001675,311,169,93,18,9
N20001676,278,169,76,20,8
N20001677,115,118,45,24,5
N20001678,317,171,62,23,7
N20001679,186,105,57,12,6
N20001680,303,168,67,25,2
N20001681,312,141,44,21,3
N20001682,181,106,59,20,8
N20001683,441,209,104,39,8
N20001684,421,183,86,26,8
N20001685,277,224,96,36,12
N20001686,310,234,67,26,8
N20001687,257,186,74,31,8
N20001688,201,140,48,21,9
N20001689,275,207,95,42,9
N20001690,138,99,67,40,7
N20001691,168,152,63,30,6
N20001692,348,178,75,25,12
N20001693,223,173,117,65,19
N20001694,130,85,55,27,5
N20001695,132,147,77,41,14
N20001696,265,170,72,16,2
N20001697,235,153,65,22,7
N20001698,159,145,91,33,9
N20001699,225,166,92,22,12
N20001700,108,116,79,54,19
N20001701,142,92,97,48,17
N20001702,417,226,95,34,11
N20001703,72,64,46,28,6
N20001704,119,82,69,28,14
N20001705,215,121,80,30,10
N20001706,185,146,89,42,12
N20001707,154,128,87,42,6
N20001708,299,138,62,13,8
N20001709,272,143,52,17,4
N20001710,443,183,81,30,6
N20001711,159,101,57,12,5
N20001712,219,135,72,28,6
N20001713,312,148,59,25,10
N20001714,228,107,61,12,5
N20001715,461,235,109,27,11
N20001716,456,261,117,43,6
N20001717,157,77,35,10,5
N20001718,140,94,49,18,9
N20001719,345,135,54,19,9
N20001720,411,186,104,39,7
N20001721,271,154,94,31,11
N20001722,461,194,75,32,14
N20001723,320,199,109,31,16
N20001724,334,137,50,27,6
N20001725,339,151,76,7,3
N20001726,340,165,81,24,6
N20001727,308,184,65,18,11
N20001728,145,87,61,35,13
N20001729,357,244,92,38,7
N20001730,148,87,36,13,2
N20001731,389,171,75,23,6
N20001732,344,100,39,17,6
N20001733,431,234,94,34,11
N20001734,204,106,95,52,31
N20001735,184,119,86,32,6
N20001736,267,137,92,49,24
N20001737,115,82,50,31,17
N20001738,211,118,63,36,14
N20001739,272,157,90,59,28
N20001740,234,136,67,31,8
N20001741,107,73,91,56,25
N20001742,204,141,82,57,27
N20001743,69,76,53,32,10
N20001744,155,107,64,53,10
N20001745,105,103,75,52,14
N20001746,148,86,50,46,15
N20001747,195,106,93,63,24
N20001748,194,133,73,40,15
N20001749,149,89,34,36,10
N20001750,56,37,60,31,26
N20001751,212,124,83,63,19
N20001752,218,103,72,50,19
N20001753,288,188,110,70,21
N20001754,109,87,56,28,12
N20001755,209,126,80,57,24
N20001756,97,88,74,44,21
N20001757,388,141,84,59,22
N20001758,166,111,76,62,31
N20001759,188,89,88,52,24
N20001760,211,110,79,49,23
N20001761,220,143,107,48,18
N20001762,399,210,145,102,33
N20001763,242,118,57,45,18
N20001764,251,179,91,45,19
N20001765,200,126,72,53,22
N20001766,123,87,80,58,15
N20001767,416,198,72,38,13
N20001768,163,114,57,21,8
N20001769,426,282,121,74,17
N20001770,251,166,80,62,21
N20001771,301,167,69,32,26
N20001772,265,138,52,21,4
N20001773,228,117,86,46,12
N20001774,282,152,87,57,26
N20001775,122,86,46,32,16
N20001776,203,177,88,42,10
N20001777,250,173,91,37,9
N20001778,278,148,62,29,15
N20001779,248,145,88,78,30
N20001780,319,173,89,47,18
N20001781,206,144,78,40,13
N20001782,286,154,100,68,15
N20001783,213,122,51,24,5
N20001784,254,153,100,37,13
N20001785,351,119,61,18,13
N20001786,289,117,82,57,14
N20001787,135,98,80,37,11
N20001788,403,171,92,32,7
N20001789,143,107,84,46,18
N20001790,390,196,97,41,6
N20001791,245,164,85,53,15
N20001792,328,184,80,32,8
N20001793,92,70,78,27,15
N20001794,160,89,47,10,10
N20001795,234,141,80,48,12
N20001796,238,133,92,51,15
N20001797,134,115,50,25,4
N20001798,97,70,38,34,12
N20001799,264,187,107,52,25
N20001800,200,82,62,32,8
N20001801,130,82,56,25,8
N20001802,67,88,68,33,10
N20001803,368,170,58,35,6
N20001804,314,121,37,7,3
N20001805,386,183,93,48,19
N20001806,500,193,48,15,7
N20001807,389,158,53,22,2
N20001808,26,58,71,28,17
N20001809,321,128,97,54,27
N20001810,363,151,61,28,7
N20001811,392,123,95,57,20
N20001812,414,180,86,21,6
N20001813,309,124,83,50,14
N20001814,324,155,66,32,6
N20001815,303,148,76,37,16
N20001816,337,150,56,20,7
N20001817,236,111,53,31,7
N20001818,193,98,57,46,13
N20001819,247,140,101,67,24
N20001820,387,144,69,20,4
N20001821,252,130,59,48,11
N20001822,258,105,80,60,28
N20001823,257,93,48,27,10
N20001824,397,148,46,14,7
N20001825,139,92,63,43,13
N20001826,251,95,57,40,14
N20001827,252,114,105,47,27
N20001828,198,112,72,48,16
N20001829,377,195,59,43,16
N20001830,266,132,80,56,14
N20001831,227,128,91,65,21
N20001832,210,104,81,32,13
N20001833,237,80,48,33,9
N20001834,317,153,52,26,7
N20001835,182,125,55,43,17
N20001836,338,172,112,73,19
N20001837,277,139,83,55,21
N20001838,208,134,104,47,17
N20001839,243,83,37,14,8
N20001840,245,120,66,11,8
N20001841,172,104,77,66,24
N20001842,198,112,77,51,14
N20001843,257,149,113,40,21
N20001844,351,187,88,38,9
N20001845,296,165,120,63,21
N20001846,158,76,56,21,10
N20001847,284,162,110,51,16
N20001848,265,153,99,70,22
N20001849,177,100,62,19,4
N20001850,356,196,51,5,3
N20001851,313,131,40,11,3
N20001852,257,160,78,27,9
N20001853,185,145,108,69,19
N20001854,245,142,78,32,7
N20001855,247,132,42,13,3
N20001856,201,137,95,61,17
N20001857,157,109,83,54,21
N20001858,338,108,38,18,4
N20001859,285,184,68,28,10
N20001860,188,113,57,17,7
N20001861,208,113,32,12,5
N20001862,183,131,55,16,4
N20001863,226,128,58,35,9
N20001864,68,70,93,67,29
N20001865,129,73,35,13,1
N20001866,146,118,70,25,10
N20001867,230,150,54,17,5
N20001868,176,143,91,40,12
N20001869,244,132,69,52,11
N20001870,74,72,51,42,16
N20001871,279,172,92,24,11
N20001872,380,184,44,17,5
N20001873,226,190,125,32,16
N20001874,226,143,71,22,7
N20001875,264,198,121,36,19
N20001876,195,168,95,29,17
N20001877,201,167,98,48,11
N20001878,225,127,68,35,6
N20001879,209,169,85,40,15
N20001880,156,108,65,52,7
N20001881,140,93,56,25,6
N20001882,241,102,49,23,1
N20001883,201,159,91,43,21
N20001884,576,238,86,30,10
N20001885,233,171,99,61,18
N20001886,75,91,101,62,18
N20001887,198,99,65,54,16
N20001888,366,206,68,44,16
N20001889,427,127,21,11,4
N20001890,226,132,93,46,16
N20001891,310,149,57,24,10
N20001892,202,117,103,58,23
N20001893,246,139,66,29,5
N20001894,180,122,59,24,6
N20001895,348,194,85,26,12
N20001896,533,249,147,50,19
N20001897,206,122,50,19,9
N20001898,255,139,58,16,7
N20001899,204,164,48,22,5
N20001900,389,108,26,6,3
N20001901,437,156,46,20,3
N20001902,380,137,37,17,2
N20001903,150,127,82,37,17
N20001904,405,173,42,10,5
N20001905,222,120,65,22,12
N20001906,161,93,76,37,15
N20001907,314,113,46,21,2
N20001908,198,130,63,39,5
N20001909,212,139,110,42,13
N20001910,218,138,72,43,12
N20001911,201,103,38,17,9
N20001912,378,162,69,23,12
N20001913,383,142,48,16,8
N20001914,179,99,87,46,21
N20001915,227,94,44,14,4
N20001916,368,195,99,38,12
N20001917,314,160,49,17,1
N20001918,345,188,76,25,6
N20001919,440,198,64,25,5
N20001920,317,132,42,17,7
N20001921,277,182,83,45,11
N20001922,253,149,51,29,5
N20001923,338,187,81,42,8
N20001924,290,136,86,46,18
N20001925,297,127,60,24,12
N20001926,260,116,53,12,5
N20001927,438,205,107,39,6
N20001928,242,135,40,15,4
N20001929,220,134,49,21,4
N20001930,157,88,61,32,12
N20001931,126,88,57,29,13
N20001932,244,163,82,27,4
N20001933,307,169,93,46,12
N20001934,365,149,52,17,3
N20001935,320,162,105,27,6
N20001936,321,166,92,40,10
N20001937,255,114,64,17,6
N20001938,280,119,33,15,3
N20001939,192,107,45,16,6
N20001940,124,67,37,12,7
N20001941,178,112,51,39,3
N20001942,360,153,49,14,10
N20001943,97,61,62,26,10
N20001944,266,120,72,28,10
N20001945,231,109,44,18,7
N20001946,507,199,95,33,9
N20001947,329,164,65,34,12
N20001948,325,184,106,36,9
N20001949,449,229,115,38,14
N20001950,271,157,91,26,4
N20001951,284,149,80,20,11
N20001952,295,125,80,51,16
N20001953,239,121,45,21,11
N20001954,395,156,74,31,7
N20001955,311,218,63,23,5
N20001956,354,146,64,15,6
N20001957,97,71,48,13,6
N20001958,78,67,49,14,4
N20001959,267,143,86,23,11
N20001960,218,138,50,14,3
N20001961,257,172,71,36,11
N20001962,299,121,48,28,5
N20001963,151,111,57,29,7
N20001964,278,87,21,17,12
N20001965,85,80,45,33,14
N20001966,286,197,75,33,8
N20001967,393,124,48,21,6
N20001968,246,118,38,11,5
N20001969,130,88,86,35,13
N20001970,233,105,43,17,8
N20001971,374,160,100,33,6
N20001972,131,105,87,36,17
N20001973,172,99,87,48,17
N20001974,215,106,63,31,13
N20001975,109,105,81,59,23
N20001976,216,134,106,60,40
N20001977,201,155,95,30,30
N20001978,221,112,81,52,16
N20001979,155,144,77,45,12
N20001980,209,128,113,58,18
N20001981,220,114,52,21,6
N20001982,221,115,84,42,26
N20001983,220,139,92,55,16
N20001984,186,101,90,63,33
N20001985,221,134,50,25,8
N20001986,360,183,95,35,5
N20001987,318,225,116,62,40
N20001988,450,157,106,34,8
N20001989,402,181,93,29,8
N20001990,408,221,119,40,15
N20001991,232,130,66,31,11
N20001992,222,99,75,23,8
N20001993,106,72,40,10,9
N20001994,272,162,57,20,7
N20001995,268,119,51,29,9
N20001996,286,145,46,19,5
N20001997,400,166,53,19,7
N20001998,399,206,75,36,10
N20001999,154,72,56,15,1
N20002000,189,129,95,66,27
N20002001,235,134,97,40,20
N20002002,166,110,76,38,11
N20002003,124,74,66,32,16
N20002004,292,131,66,37,19
N20002005,287,149,84,30,3
N20002006,258,158,85,41,11
N20002007,256,150,117,43,18
N20002008,291,177,88,52,9
N20002009,170,128,75,41,13
N20002010,169,113,107,41,9
N20002011,243,146,108,46,19
N20002012,119,107,79,48,19
N20002013,338,190,103,52,26
N20002014,251,145,79,47,13
N20002015,247,160,79,36,12
N20002016,133,106,68,27,12
N20002017,283,161,78,25,9
N20002018,237,108,37,18,7
N20002019,233,129,84,27,10
N20002020,152,118,92,60,18
N20002021,107,100,101,35,11
N20002022,234,125,128,24,14
N20002023,301,158,87,29,15
N20002024,347,202,104,19,9
N20002025,377,190,87,35,9
N20002026,222,106,81,27,7
N20002027,187,111,70,32,6
N20002028,271,167,79,34,5
N20002029,380,157,82,25,18
N20002030,323,148,81,21,5
N20002031,389,217,93,15,11
N20002032,317,177,81,14,5
N20002033,173,97,45,12,3
N20002034,156,116,59,27,1
N20002035,222,134,67,29,10
N20002036,257,121,73,21,6
N20002037,460,200,103,33,11
N20002038,490,239,73,21,8
N20002039,382,187,96,27,7
N20002040,404,214,101,23,11
N20002041,303,185,74,30,6
N20002042,188,150,104,54,28
N20002043,116,116,59,27,7
N20002044,300,125,60,28,11
N20002045,120,101,68,38,13
N20002046,347,166,92,27,6
N20002047,217,148,51,18,4
N20002048,337,184,55,12,8
N20002049,194,154,77,30,10
N20002050,234,147,76,15,16
N20002051,360,198,94,32,12
N20002052,324,172,66,25,12
N20002053,285,176,82,17,8
N20002054,250,149,112,54,14
N20002055,453,213,101,37,8
N20002056,270,128,61,14,5
N20002057,315,181,70,25,8
N20002058,387,204,94,29,10
N20002059,178,146,64,20,5
N20002060,301,175,97,46,9
N20002061,444,273,124,30,7
N20002062,316,175,60,24,9
N20002063,262,171,74,20,8
N20002064,266,116,47,20,10
N20002065,403,204,84,26,6
N20002066,491,269,141,36,11
N20002067,247,145,68,19,6
N20002068,360,167,90,37,11
N20002069,514,202,69,15,5
N20002070,244,129,44,20,11
N20002071,333,184,91,28,13
N20002072,240,156,51,16,6
N20002073,391,198,81,15,4
N20002074,268,136,57,19,11
N20002075,284,172,70,17,3
N20002076,289,144,62,12,11
N20002077,385,201,76,28,11
N20002078,257,138,46,14,2
N20002079,430,200,69,17,3
N20002080,308,149,51,14,6
N20002081,236,163,75,22,10
N20002082,217,126,60,13,5
N20002083,233,152,60,16,3
N20002084,262,157,73,28,8
N20002085,111,64,40,15,0
N20002086,311,207,128,64,20
N20002087,360,154,38,11,7
N20002088,337,114,47,23,7
N20002089,112,112,66,35,5
N20002090,327,149,50,24,20
N20002091,161,119,70,34,22
N20002092,267,196,69,42,12
N20002093,279,194,85,22,9
N20002094,368,160,45,14,2
N20002095,230,165,101,45,19
N20002096,118,100,70,33,12
N20002097,239,147,55,27,13
N20002098,220,205,134,59,23
N20002099,181,130,54,8,8
N20002100,303,139,51,20,7
N20002101,89,88,23,17,5
N20002102,228,141,60,53,32
N20002103,158,143,71,26,8
N20002104,220,139,47,14,6
N20002105,100,85,59,20,4
N20002106,212,157,82,32,17
N20002107,137,98,96,38,10
N20002108,257,187,112,28,7
N20002109,291,112,59,17,4
N20002110,111,77,53,14,9
N20002111,244,144,73,10,4
N20002112,150,118,54,11,4
N20002113,283,122,63,18,2
N20002114,181,101,56,18,3
N20002115,200,98,41,14,1
N20002116,215,164,84,49,14
N20002117,235,128,68,17,7
N20002118,192,136,49,8,8
N20002119,242,134,66,33,10
N20002120,284,191,64,19,3
N20002121,336,168,94,26,10
N20002122,363,183,93,22,7
N20002123,250,160,85,19,6
N20002124,217,149,99,36,22
N20002125,238,144,76,19,7
N20002126,181,184,108,27,16
N20002127,313,167,73,16,6
N20002128,234,136,60,24,9
N20002129,354,150,77,25,9
N20002130,372,175,91,20,7
N20002131,171,120,97,30,13
N20002132,259,122,49,14,3
N20002133,305,176,52,15,6
N20002134,150,128,88,44,14
N20002135,186,99,48,12,6
N20002136,40,43,46,16,7
N20002137,273,154,75,17,5
N20002138,145,106,78,48,21
N20002139,332,194,80,31,9
N20002140,208,159,60,28,9
N20002141,150,127,70,23,7
N20002142,418,159,77,31,13
N20002143,266,151,68,31,6
N20002144,403,165,70,24,7
N20002145,289,188,79,15,9
N20002146,212,110,98,26,12
N20002147,338,200,73,20,4
N20002148,353,167,83,33,7
N20002149,176,155,81,32,8
N20002150,219,89,53,22,2
N20002151,312,147,58,17,7
N20002152,252,147,73,30,11
N20002153,270,156,81,15,3
N20002154,248,146,70,40,14
N20002155,360,176,83,32,4
N20002156,338,150,64,19,2
N20002157,376,133,53,18,8
N20002158,253,136,55,23,6
N20002159,181,116,58,20,6
N20002160,396,186,90,11,6
N20002161,481,197,72,23,5
N20002162,316,154,65,20,7
N20002163,181,102,67,23,3
N20002164,503,224,89,30,12
N20002165,329,158,84,17,10
N20002166,181,89,26,13,10
N20002167,111,73,69,22,12
N20002168,404,181,80,33,15
N20002169,168,98,45,26,12
N20002170,110,101,89,46,17
N20002171,271,152,89,28,12
N20002172,103,90,80,23,7
N20002173,338,135,59,17,2
N20002174,397,159,75,24,11
N20002175,304,148,76,24,10
N20002176,459,171,95,11,9
N20002177,366,132,69,37,8
N20002178,299,122,62,35,11
N20002179,282,117,37,14,7
N20002180,307,174,65,31,3
N20002181,326,159,76,16,3
N20002182,312,157,72,23,9
N20002183,265,244,140,102,32
N20002184,207,118,80,29,14
N20002185,127,114,65,28,15
N20002186,157,73,59,15,8
N20002187,306,156,70,23,3
N20002188,115,59,51,31,14
N20002189,163,113,59,45,8
N20002190,336,189,104,28,11
N20002191,130,117,61,40,11
N20002192,179,165,131,65,17
N20002193,221,171,94,24,13
N20002194,171,113,104,52,17
N20002195,142,130,136,63,22
N20002196,343,210,110,28,6
N20002197,168,112,73,31,3
N20002198,114,95,83,31,19
N20002199,112,74,57,29,7
N20002200,192,161,100,44,12
N20002201,135,106,36,10,6
N20002202,176,164,85,43,13
N20002203,109,93,58,25,13
N20002204,117,89,78,39,15
N20002205,79,74,76,33,6
N20002206,114,96,54,22,6
N20002207,205,145,66,28,7
N20002208,120,113,76,31,12
N20002209,183,115,63,17,11
N20002210,267,162,113,36,9
N20002211,161,119,56,18,7
N20002212,141,93,86,37,15
N20002213,381,216,73,24,10
N20002214,242,122,46,20,6
N20002215,297,163,65,9,7
N20002216,340,166,97,47,8
N20002217,199,153,75,20,7
N20002218,251,137,60,27,7
N20002219,420,194,60,17,4
N20002220,314,106,53,15,1
N20002221,300,163,62,18,11
N20002222,178,115,69,35,12
N20002223,331,134,76,18,8
N20002224,350,130,58,16,11
N20002225,280,113,48,23,6
N20002226,364,187,92,26,25
N20002227,222,121,62,21,10
N20002228,303,133,64,15,5
N20002229,249,100,60,20,4
N20002230,244,126,52,9,5
N20002231,421,208,90,30,7
N20002232,231,130,44,17,3
N20002233,362,145,83,38,5
N20002234,241,137,62,23,7
N20002235,333,111,63,23,7
N20002236,349,207,93,23,11
N20002237,463,176,66,33,14
N20002238,359,192,78,20,13
N20002239,408,139,74,29,9
N20002240,374,168,91,19,6
N20002241,171,81,59,18,11
N20002242,337,168,99,53,15
N20002243,291,119,57,19,9
N20002244,227,140,63,41,8
N20002245,374,179,93,31,7
N20002246,300,156,73,13,3
N20002247,277,199,99,28,9
N20002248,514,170,107,30,14
N20002249,328,161,72,19,8
N20002250,298,125,57,16,9
N20002251,296,139,55,23,10
N20002252,210,175,100,40,10
N20002253,133,97,46,16,4
N20002254,221,167,76,18,3
N20002255,119,81,44,23,7
N20002256,230,126,58,21,3
N20002257,360,173,75,14,7
N20002258,261,197,79,36,10
N20002259,279,142,52,18,4
N20002260,288,160,66,20,2
N20002261,293,120,47,19,2
N20002262,246,152,68,15,3
N20002263,207,145,57,14,2
N20002264,229,176,80,19,6
N20002265,104,76,46,24,10
N20002266,304,158,48,10,5
N20002267,121,96,56,23,9
N20002268,610,324,105,32,5
N20002269,317,184,88,31,10
N20002270,120,85,25,15,4
N20002271,312,107,21,10,4
N20002272,344,156,34,5,3
N20002273,293,139,45,29,36
N20002274,268,160,58,21,5
N20002275,430,133,28,5,3
N20002276,267,133,79,10,3
N20002277,441,154,76,26,10
N20002278,190,118,51,21,5
N20002279,122,75,46,7,1
N20002280,257,130,44,5,3
N20002281,389,187,51,20,4
N20002282,206,125,60,21,9
N20002283,99,65,41,11,1
N20002284,500,232,76,28,3
N20002285,287,171,60,18,6
N20002286,203,103,60,17,3
N20002287,305,145,56,21,4
N20002288,541,226,81,31,14
N20002289,496,235,113,48,12
N20002290,285,126,43,22,7
N20002291,188,110,59,16,10
N20002292,464,152,41,14,9
N20002293,317,123,54,16,3
N20002294,268,147,78,16,4
N20002295,308,191,84,34,8
N20002296,388,235,79,16,3
N20002297,267,185,77,34,9
N20002298,251,136,51,17,10
N20002299,294,139,43,21,5
N20002300,350,169,43,16,1
N20002301,151,103,54,22,3
N20002302,251,123,68,20,5
N20002303,319,172,52,9,4
N20002304,201,112,48,15,3
N20002305,425,105,21,12,1
N20002306,397,153,27,6,2
N20002307,200,104,30,10,0
N20002308,347,110,32,6,0
N20002309,388,139,34,5,1
N20002310,514,198,46,18,5
N20002311,227,123,54,13,11
N20002312,366,143,52,14,8
N20002313,257,195,61,18,0
N20002314,188,85,17,11,2
N20002315,182,169,55,21,8
N20002316,167,99,46,13,6
N20002317,287,185,83,31,9
N20002318,287,283,182,67,21
N20002319,398,202,85,38,12
N20002320,509,188,35,9,7
N20002321,356,163,36,5,0
N20002322,352,187,79,25,1
N20002323,386,174,42,17,4
N20002324,341,197,100,23,6
N20002325,244,187,85,33,8
N20002326,297,146,93,29,9
N20002327,170,111,61,19,8
N20002328,234,153,70,19,4
N20002329,322,175,101,47,11
N20002330,250,173,79,17,8
N20002331,209,110,56,22,10
N20002332,247,214,103,56,8
N20002333,205,114,40,26,2
N20002334,308,222,97,59,23
N20002335,202,124,59,55,25
N20002336,393,202,40,11,4
N20002337,231,159,59,21,1
N20002338,129,72,44,10,2
N20002339,189,149,60,26,6
N20002340,61,74,45,38,13
N20002341,259,154,76,37,7
N20002342,329,133,29,7,2
N20002343,172,116,53,14,3
N20002344,364,177,59,12,2
N20002345,133,122,51,45,22
N20002346,215,93,52,17,3
N20002347,195,145,120,58,13
N20002348,181,126,73,27,7
N20002349,457,169,22,7,1
N20002350,217,168,79,23,9
N20002351,416,192,47,18,0
N20002352,168,163,129,37,11
N20002353,485,231,63,37,6
N20002354,110,99,53,40,9
N20002355,189,156,81,49,15
N20002356,188,157,73,42,17
N20002357,182,168,55,22,7
N20002358,218,127,19,4,0
N20002359,75,64,49,27,9
N20002360,264,156,55,15,8
N20002361,195,109,54,22,8
N20002362,264,180,137,61,16
N20002363,234,163,72,36,7
N20002364,231,126,58,35,19
N20002365,113,97,52,23,13
N20002366,202,162,85,30,12
N20002367,212,134,68,31,10
N20002368,197,142,105,53,14
N20002369,189,111,72,35,19
N20002370,200,146,96,25,10
N20002371,162,132,91,43,13
N20002372,279,226,114,42,31
N20002373,241,222,138,71,26
N20002374,198,140,106,42,14
N20002375,175,135,62,31,7
N20002376,69,53,54,37,13
N20002377,384,216,44,21,14
N20002378,267,119,67,55,28
N20002379,233,214,180,80,48
N20002380,161,125,84,40,13
N20002381,257,114,64,20,4
N20002382,212,216,116,72,24
N20002383,134,109,106,46,13
N20002384,213,157,82,32,12
N20002385,383,156,56,16,6
N20002386,356,164,79,35,5
N20002387,333,170,82,33,10
N20002388,272,146,115,34,13
N20002389,358,156,30,18,3
N20002390,306,166,86,22,10
N20002391,131,94,18,11,4
N20002392,532,176,49,7,6
N20002393,261,201,83,21,4
N20002394,169,145,80,55,17
N20002395,294,78,21,2,1
N20002396,177,121,34,13,5
N20002397,215,158,71,26,6
N20002398,251,144,47,11,1
N20002399,383,228,67,24,5
N20002400,130,68,62,29,16
N20002401,237,97,46,16,6
N20002402,208,128,51,17,9
N20002403,196,147,47,10,3
N20002404,642,294,77,26,3
N20002405,264,150,70,23,7
N20002406,304,172,65,20,2
N20002407,101,87,42,18,3
N20002408,273,184,81,20,8
N20002409,157,118,79,41,16
N20002410,192,131,59,10,6
N20002411,281,195,77,26,11
N20002412,269,114,55,18,21
N20002413,156,83,46,18,0
N20002414,247,171,75,26,10
N20002415,198,127,75,36,6
N20002416,181,152,65,12,2
N20002417,244,151,72,35,12
N20002418,189,142,63,24,7
N20002419,132,107,28,7,4
N20002420,179,159,84,41,13
N20002421,85,75,67,34,15
N20002422,102,74,57,28,9
N20002423,195,160,92,43,12
N20002424,317,150,53,12,1
N20002425,380,170,44,19,9
N20002426,293,127,31,8,2
N20002427,261,163,74,17,3
N20002428,108,67,43,15,3
N20002429,273,170,84,41,6
N20002430,261,99,53,13,3
N20002431,178,157,74,27,8
N20002432,167,130,113,60,18
N20002433,280,110,35,4,4
N20002434,129,65,48,21,4
N20002435,366,196,85,16,6
N20002436,280,102,50,17,1
N20002437,477,163,53,14,4
N20002438,271,126,55,18,6
N20002439,449,202,85,21,9
N20002440,336,176,96,30,6
N20002441,392,164,44,12,3
N20002442,316,173,40,11,7
N20002443,245,127,30,8,3
N20002444,344,150,69,11,2
N20002445,312,172,72,23,4
N20002446,329,167,82,24,2
N20002447,348,150,60,18,6
N20002448,248,145,60,29,5
N20002449,283,170,75,17,4
N20002450,345,120,45,17,5
N20002451,290,188,77,34,6
N20002452,273,161,49,17,5
N20002453,236,140,58,16,4
N20002454,357,150,81,26,7
N20002455,183,119,45,22,6
N20002456,359,187,78,32,11
N20002457,244,155,70,18,5
N20002458,349,157,42,20,1
N20002459,229,168,68,22,5
N20002460,125,71,35,12,4
N20002461,349,239,103,23,12
N20002462,182,170,73,43,13
N20002463,253,118,59,14,7
N20002464,218,139,66,10,4
N20002465,214,140,47,20,4
N20002466,119,67,33,15,4
N20002467,373,201,65,14,5
N20002468,301,162,66,28,1
N20002469,212,116,29,11,1
N20002470,387,190,75,19,4
N20002471,234,121,41,12,4
N20002472,239,158,52,13,4
N20002473,204,152,58,25,6
N20002474,433,219,37,21,4
N20002475,249,158,43,15,3
N20002476,423,200,50,11,9
N20002477,225,130,40,10,4
N20002478,462,195,72,33,32
N20002479,190,94,34,12,3
N20002480,468,120,21,4,0
N20002481,340,198,128,52,14
N20002482,497,163,28,9,2
N20002483,503,224,62,20,5
N20002484,392,243,140,48,17
N20002485,212,123,53,11,6
N20002486,122,101,33,9,3
N20002487,437,206,63,18,11
N20002488,372,125,39,17,3
N20002489,163,123,33,17,2
N20002490,253,196,135,31,14
N20002491,303,164,63,21,5
N20002492,156,117,46,22,8
N20002493,153,81,78,32,10
N20002494,252,113,37,12,1
N20002495,404,198,42,15,5
N20002496,424,208,77,21,8
N20002497,254,153,45,14,7
N20002498,226,111,48,12,6
N20002499,404,199,55,23,8
N20002500,466,254,118,58,21
N20002501,262,138,71,24,9
N20002502,187,139,60,21,6
N20002503,305,167,71,15,9
N20002504,141,105,37,13,7
N20002505,392,113,16,9,2
N20002506,166,104,41,10,4
N20002507,61,74,62,16,14
N20002508,225,150,94,39,11
N20002509,374,144,42,3,1
N20002510,119,129,63,22,10
N20002511,212,146,84,42,18
N20002512,192,129,79,48,23
N20002513,122,116,94,22,5
N20002514,216,220,97,44,19
N20002515,298,173,61,23,6
N20002516,300,173,82,22,7
N20002517,142,95,44,24,4
N20002518,266,133,49,12,3
N20002519,165,94,32,9,0
N20002520,252,165,80,30,12
N20002521,200,156,78,47,8
N20002522,146,100,75,34,15
N20002523,131,97,78,42,13
N20002524,251,167,78,18,11
N20002525,162,104,64,25,13
N20002526,373,142,34,11,3
N20002527,278,182,101,51,23
N20002528,231,97,15,1,0
N20002529,130,103,69,38,9
N20002530,165,131,92,50,22
N20002531,144,109,56,14,1
N20002532,251,134,53,20,6
N20002533,152,85,63,29,10
N20002534,243,174,75,36,15
N20002535,202,113,41,5,1
N20002536,271,190,78,20,5
N20002537,134,121,50,17,8
N20002538,307,107,17,4,0
N20002539,264,119,24,5,3
N20002540,235,125,51,18,4
N20002541,233,145,64,16,1
N20002542,175,127,50,9,7
N20002543,133,76,42,9,4
N20002544,161,126,61,25,10
N20002545,316,196,65,18,5
N20002546,343,169,64,26,9
N20002547,323,168,81,35,25
N20002548,320,212,88,25,6
N20002549,299,153,88,16,5
N20002550,354,156,64,14,4
N20002551,222,125,55,11,6
N20002552,253,119,56,15,14
N20002553,219,128,61,21,5
N20002554,133,117,64,32,8
N20002555,225,191,62,24,6
N20002556,197,181,81,38,8
N20002557,280,190,77,20,3
N20002558,123,94,85,27,11
N20002559,177,103,67,25,6
N20002560,171,111,59,31,12
N20002561,215,122,63,22,9
N20002562,267,157,85,31,15
N20002563,414,203,86,29,9
N20002564,317,208,100,23,13
N20002565,141,96,40,9,1
N20002566,205,124,46,12,4
N20002567,251,201,73,32,5
N20002568,164,103,39,19,5
N20002569,230,101,31,9,0
N20002570,253,120,37,8,3
N20002571,254,156,61,20,7
N20002572,293,164,68,21,3
N20002573,271,130,67,20,4
N20002574,361,205,63,18,7
N20002575,43,43,62,21,10
N20002576,279,163,89,28,8
N20002577,321,180,67,16,5
N20002578,322,130,56,22,2
N20002579,290,173,66,23,8
N20002580,304,157,57,21,4
N20002581,359,182,59,28,5
N20002582,327,208,69,17,7
N20002583,391,148,52,15,8
N20002584,348,239,71,22,6
N20002585,357,158,65,24,3
N20002586,359,157,66,19,6
N20002587,144,116,49,23,4
N20002588,259,171,87,39,12
N20002589,222,150,76,42,19
N20002590,261,145,45,10,6
N20002591,150,138,59,17,2
N20002592,221,128,69,16,4
N20002593,360,183,76,29,7
N20002594,200,148,102,44,16
N20002595,251,201,94,25,9
N20002596,141,99,52,36,3
N20002597,145,142,85,19,1
N20002598,208,132,37,10,1
N20002599,204,128,65,10,4
N20002600,256,188,77,28,12
N20002601,188,141,82,36,11
N20002602,252,155,57,18,4
N20002603,297,176,103,24,7
N20002604,301,206,106,72,11
N20002605,283,158,80,27,7
N20002606,301,197,136,86,19
N20002607,133,109,43,16,5
N20002608,71,58,49,28,6
N20002609,206,142,40,14,2
N20002610,148,137,62,12,6
N20002611,254,185,82,29,6
N20002612,249,149,75,22,11
N20002613,404,219,87,35,9
N20002614,128,106,101,56,13
N20002615,291,147,74,36,11
N20002616,136,113,43,40,17
N20002617,430,234,73,37,11
N20002618,242,104,44,15,8
N20002619,221,174,106,58,15
N20002620,212,163,85,67,21
N20002621,242,122,42,17,3
N20002622,179,129,89,36,7
N20002623,163,122,44,15,4
N20002624,197,148,66,24,10
N20002625,146,92,58,33,13
N20002626,167,98,53,34,11
N20002627,62,79,51,26,8
N20002628,296,166,44,22,9
N20002629,237,186,109,55,16
N20002630,185,102,30,8,2
N20002631,142,118,87,32,13
N20002632,227,159,51,21,2
N20002633,238,154,71,22,2
N20002634,251,152,49,15,2
N20002635,234,116,42,13,1
N20002636,137,83,40,12,7
N20002637,319,162,54,14,7
N20002638,217,121,34,16,5
N20002639,336,222,90,22,8
N20002640,382,207,89,27,10
N20002641,278,152,41,9,6
N20002642,352,145,65,20,3
N20002643,293,147,52,19,7
N20002644,193,95,49,9,7
N20002645,383,189,77,19,11
N20002646,469,205,47,16,1
N20002647,433,187,68,25,9
N20002648,410,190,65,15,4
N20002649,199,130,47,21,8
N20002650,229,119,38,17,5
N20002651,236,135,55,21,1
N20002652,283,185,90,33,13
N20002653,247,160,88,24,5
N20002654,395,194,70,11,2
N20002655,286,177,62,20,12
N20002656,197,144,104,31,16
N20002657,105,91,56,25,6
N20002658,325,182,69,26,4
N20002659,170,59,33,11,5
N20002660,206,127,61,14,3
N20002661,154,118,65,16,7
N20002662,387,174,63,26,7
N20002663,458,181,83,23,3
N20002664,362,146,57,15,6
N20002665,77,88,55,31,17
N20002666,210,149,89,41,9
N20002667,162,130,41,13,4
N20002668,305,165,76,15,6
N20002669,183,153,100,51,6
N20002670,211,195,110,28,12
N20002671,297,155,135,63,29
N20002672,91,77,32,9,4
N20002673,215,116,71,35,8
N20002674,217,142,54,16,6
N20002675,171,91,47,9,1
N20002676,347,216,80,29,7
N20002677,270,150,94,37,17
N20002678,327,193,87,28,7
N20002679,267,113,47,13,3
N20002680,165,131,73,31,15
N20002681,338,164,67,31,6
N20002682,356,185,79,28,6
N20002683,206,142,61,20,13
N20002684,185,97,53,21,6
N20002685,179,117,39,15,4
N20002686,190,106,73,38,16
N20002687,291,170,88,31,16
N20002688,179,131,96,28,23
N20002689,221,135,66,41,12
N20002690,238,113,50,11,5
N20002691,335,198,79,30,2
N20002692,246,163,43,17,4
N20002693,151,125,57,9,1
N20002694,226,122,58,16,8
N20002695,214,141,75,27,4
N20002696,204,136,57,20,3
N20002697,216,152,62,15,2
N20002698,189,112,79,50,17
N20002699,231,187,77,18,7
N20002700,227,126,47,12,1
N20002701,154,130,57,22,9
N20002702,130,95,46,26,7
N20002703,85,81,55,25,3
N20002704,107,94,60,43,5
N20002705,214,122,34,22,7
N20002706,153,86,30,20,4
N20002707,188,119,71,19,3
N20002708,124,105,68,44,10
N20002709,292,248,118,46,8
N20002710,226,162,97,37,12
N20002711,139,122,76,33,14
N20002712,93,84,67,36,18
N20002713,184,154,78,27,9
N20002714,143,158,64,39,9
N20002715,199,148,116,35,6
N20002716,448,229,64,29,4
N20002717,90,101,71,21,9
N20002718,171,149,72,35,14
N20002719,153,140,94,40,7
N20002720,127,126,101,41,17
N20002721,40,58,59,37,8
N20002722,171,141,77,17,5
N20002723,152,129,89,41,12
N20002724,102,111,61,30,13
N20002725,93,99,52,16,8
N20002726,226,192,90,23,11
N20002727,165,135,79,37,13
N20002728,206,133,51,17,8
N20002729,15,26,56,33,21
N20002730,267,138,32,4,2
N20002731,289,197,56,26,10
N20002732,173,143,69,22,12
N20002733,280,123,22,11,4
N20002734,93,85,73,22,10
N20002735,184,136,107,60,25
N20002736,196,115,56,17,5
N20002737,301,182,58,18,7
N20002738,255,124,28,15,2
N20002739,251,207,94,47,16
N20002740,251,202,100,37,13
N20002741,180,162,81,42,7
N20002742,429,268,108,33,9
N20002743,426,278,127,43,8
N20002744,459,206,93,19,9
N20002745,295,143,64,16,7
N20002746,342,221,85,15,5
N20002747,300,202,79,18,7
N20002748,237,134,59,25,4
N20002749,182,118,47,15,2
N20002750,213,105,30,12,3
N20002751,275,179,86,22,6
N20002752,135,112,48,22,9
N20002753,212,117,67,31,4
N20002754,145,94,40,13,3
N20002755,242,159,69,24,1
N20002756,130,113,64,57,19
N20002757,261,147,55,22,4
N20002758,186,126,68,28,6
N20002759,66,76,51,19,8
N20002760,214,152,65,30,5
N20002761,258,151,88,37,25
N20002762,282,216,105,20,6
N20002763,221,152,54,17,2
N20002764,313,150,59,21,5
N20002765,314,205,58,10,2
N20002766,162,86,23,15,4
N20002767,179,131,60,30,8
N20002768,468,248,87,23,11
N20002769,373,149,33,6,2
N20002770,413,183,75,23,7
N20002771,159,112,40,13,3
N20002772,161,125,54,32,9
N20002773,137,121,77,39,14
N20002774,351,283,81,41,6
N20002775,378,267,90,30,5
N20002776,133,86,39,10,3
N20002777,207,128,68,14,8
N20002778,332,210,101,39,6
N20002779,203,108,63,45,25
N20002780,160,160,132,76,36
N20002781,245,161,82,50,54
N20002782,149,114,74,23,6
N20002783,142,147,64,26,7
N20002784,151,131,46,24,8
N20002785,170,106,51,17,7
N20002786,238,161,70,32,4
N20002787,159,127,82,29,6
N20002788,169,164,78,24,3
N20002789,195,160,99,42,14
N20002790,227,167,95,42,8
N20002791,163,115,62,19,6
N20002792,139,133,104,60,24
N20002793,70,78,85,37,29
N20002794,169,132,79,47,11
N20002795,123,147,138,66,21
N20002796,150,115,95,36,12
N20002797,194,181,87,23,5
N20002798,120,111,103,42,15
N20002799,238,140,88,25,10
N20002800,189,176,107,32,10
N20002801,48,68,65,27,8
N20002802,469,286,115,30,12
N20002803,183,150,77,25,6
N20002804,268,207,100,29,17
N20002805,241,163,52,24,2
N20002806,271,142,45,14,3
N20002807,110,98,47,20,7
N20002808,275,211,113,41,15
N20002809,317,189,87,36,14
N20002810,173,155,61,19,11
N20002811,142,100,76,31,7
N20002812,110,86,37,18,6
N20002813,201,140,77,38,10
N20002814,254,228,110,36,9
N20002815,121,87,49,22,5
N20002816,152,106,48,31,7
N20002817,155,118,94,31,13
N20002818,209,147,88,48,15
N20002819,203,146,111,70,29
N20002820,192,103,58,21,3
N20002821,243,192,117,63,13
N20002822,296,194,66,19,7
N20002823,337,228,81,31,13
N20002824,111,91,26,10,2
N20002825,424,211,62,17,7
N20002826,335,163,56,18,4
N20002827,293,154,26,7,1
N20002828,169,133,58,12,5
N20002829,243,165,96,43,15
N20002830,236,147,73,29,8
N20002831,113,88,70,32,8
N20002832,311,162,51,9,2
N20002833,172,113,73,35,9
N20002834,155,99,60,29,4
N20002835,337,166,76,41,8
N20002836,298,180,55,26,8
N20002837,233,119,49,7,5
N20002838,587,270,112,31,15
N20002839,359,160,67,18,4
N20002840,387,191,70,27,8
N20002841,341,148,42,19,4
N20002842,271,138,59,12,8
N20002843,322,207,92,27,17
N20002844,312,124,68,23,9
N20002845,440,201,90,22,9
N20002846,281,180,124,59,14
N20002847,342,136,58,16,8
N20002848,491,206,91,24,10
N20002849,316,142,74,24,8
N20002850,250,141,39,20,6
N20002851,547,230,81,26,4
N20002852,350,150,72,24,10
N20002853,423,197,106,25,9
N20002854,151,143,93,37,14
N20002855,160,114,78,35,20
N20002856,192,119,56,20,3
N20002857,225,159,111,27,18
N20002858,208,157,98,35,15
N20002859,469,193,74,27,9
N20002860,501,188,94,24,5
N20002861,244,157,44,15,6
N20002862,326,124,63,14,8
N20002863,436,179,77,29,11
N20002864,313,128,57,22,9
N20002865,340,155,54,16,4
N20002866,399,177,77,20,10
N20002867,454,274,108,46,12
N20002868,532,152,68,16,7
N20002869,269,190,79,43,9
N20002870,406,169,56,23,6
N20002871,414,229,100,28,6
N20002872,355,202,106,34,9
N20002873,306,134,39,10,8
N20002874,233,102,41,13,5
N20002875,244,161,98,46,13
N20002876,275,178,61,19,8
N20002877,281,158,83,14,6
N20002878,167,121,75,35,19
N20002879,592,246,140,69,11
N20002880,294,141,74,37,17
N20002881,246,211,91,31,9
N20002882,477,198,95,24,15
N20002883,252,130,88,39,9
N20002884,412,168,63,27,9
N20002885,481,216,65,21,12
N20002886,255,152,63,27,8
N20002887,504,238,95,19,8
N20002888,333,128,71,18,7
N20002889,269,108,53,26,7
N20002890,383,151,75,26,5
N20002891,408,215,116,21,20
N20002892,329,152,76,18,8
N20002893,330,136,68,32,7
N20002894,391,171,49,19,4
N20002895,215,93,38,14,4
N20002896,267,89,20,8,2
N20002897,82,66,47,27,6
N20002898,213,123,73,29,9
N20002899,209,180,111,53,13
N20002900,300,84,25,6,0
N20002901,113,89,51,20,6
N20002902,207,146,88,31,13
N20002903,361,158,56,37,9
N20002904,247,203,113,45,13
N20002905,193,147,79,29,8
N20002906,130,114,55,22,10
N20002907,200,205,104,57,21
N20002908,402,230,74,36,13
N20002909,308,224,89,25,6
N20002910,340,132,48,7,11
N20002911,453,213,79,27,9
N20002912,394,200,72,31,6
N20002913,237,147,48,14,6
N20002914,322,163,64,20,4
N20002915,369,221,64,17,2
N20002916,335,186,59,36,12
N20002917,389,153,66,19,11
N20002918,350,168,68,13,7
N20002919,332,146,51,21,5
N20002920,333,209,92,31,5
N20002921,254,146,45,11,11
N20002922,237,165,70,31,13
N20002923,266,160,64,24,6
N20002924,311,192,95,29,12
N20002925,295,151,67,26,2
N20002926,300,174,85,35,12
N20002927,270,136,62,28,11
N20002928,496,228,66,28,13
N20002929,395,160,59,28,7
N20002930,403,175,78,35,13
N20002931,309,146,60,17,7
N20002932,280,130,50,18,4
N20002933,296,112,62,17,6
N20002934,246,153,80,14,9
N20002935,127,90,58,21,15
N20002936,260,96,44,13,10
N20002937,288,163,112,50,9
N20002938,271,176,121,71,21
N20002939,147,88,54,16,3
N20002940,236,200,98,33,16
N20002941,348,217,80,18,7
N20002942,276,212,107,47,15
N20002943,279,157,59,28,10
N20002944,232,143,66,15,6
N20002945,79,61,43,25,7
N20002946,149,121,54,36,14
N20002947,105,85,48,24,12
N20002948,474,179,99,35,23
N20002949,217,153,84,36,11
N20002950,209,142,43,27,10
N20002951,242,109,64,29,6
N20002952,262,158,54,25,9
N20002953,280,163,78,38,16
N20002954,359,216,90,36,7
N20002955,218,137,73,22,7
N20002956,334,167,89,58,25
N20002957,282,187,89,28,6
N20002958,135,67,48,28,10
N20002959,343,153,84,32,17
N20002960,134,140,86,48,13
N20002961,302,145,55,14,4
N20002962,256,148,103,46,22
N20002963,237,168,61,28,7
N20002964,292,184,94,33,15
N20002965,238,136,61,19,7
N20002966,477,197,84,37,7
N20002967,319,162,71,17,6
N20002968,176,128,53,21,9
N20002969,253,131,68,32,10
N20002970,342,174,72,33,8
N20002971,447,185,97,26,9
N20002972,282,144,69,37,10
N20002973,393,195,97,29,8
N20002974,289,138,65,29,6
N20002975,358,186,117,49,23
N20002976,361,172,87,33,14
N20002977,243,107,41,11,6
N20002978,292,113,68,21,11
N20002979,256,186,84,26,13
N20002980,263,156,99,31,11
N20002981,236,153,53,22,4
N20002982,387,148,83,31,6
N20002983,212,132,89,52,19
N20002984,336,153,68,29,4
N20002985,317,165,66,24,3
N20002986,305,168,62,33,13
N20002987,295,121,43,9,6
N20002988,272,110,56,20,8
N20002989,354,120,43,24,9
N20002990,379,172,77,26,7
N20002991,270,121,64,26,5
N20002992,264,156,77,23,6
N20002993,463,166,87,36,12
N20002994,321,169,74,30,3
N20002995,272,169,87,27,20
N20002996,250,95,43,10,5
N20002997,348,155,79,23,16
N20002998,434,186,72,23,3
N20002999,233,148,69,30,7
N20003000,337,163,42,22,6
N20003001,134,100,61,61,24
N20003002,171,108,68,43,19
N20003003,127,83,56,34,11
N20003004,275,143,54,13,4
N20003005,81,70,41,25,15
N20003006,423,215,66,22,2
N20003007,244,96,46,22,8
N20003008,141,126,61,27,9
N20003009,409,221,110,39,12
N20003010,280,177,80,34,15
N20003011,223,176,72,39,15
N20003012,338,159,38,16,9
N20003013,362,195,118,39,8
N20003014,174,101,49,19,9
N20003015,288,131,64,20,2
N20003016,314,105,42,14,6
N20003017,283,101,55,16,6
N20003018,304,135,79,20,17
N20003019,309,135,56,31,9
N20003020,380,211,38,21,5
N20003021,273,131,54,26,6
N20003022,406,179,60,19,5
N20003023,284,153,57,29,10
N20003024,325,188,81,27,6
N20003025,305,137,67,28,5
N20003026,147,124,64,41,19
N20003027,290,160,37,12,3
N20003028,180,152,60,33,5
N20003029,195,180,66,36,17
N20003030,317,199,83,35,11
N20003031,409,229,70,17,8
N20003032,417,219,43,6,7
N20003033,238,199,78,57,12
N20003034,163,98,55,17,6
N20003035,176,116,39,25,7
N20003036,267,118,62,16,5
N20003037,162,154,35,13,8
N20003038,279,148,72,23,13
N20003039,423,268,69,17,8
N20003040,359,263,89,35,4
N20003041,329,230,54,43,21
N20003042,323,199,92,33,9
N20003043,276,230,64,34,5
N20003044,251,153,32,8,8
N20003045,237,168,63,27,9
N20003046,317,248,52,13,6
N20003047,257,210,52,19,5
N20003048,478,197,54,16,5
N20003049,228,172,61,13,5
N20003050,472,238,90,37,22
N20003051,205,151,42,21,6
N20003052,181,133,61,15,4
N20003053,210,164,109,42,10
N20003054,220,146,63,26,8
N20003055,279,127,58,14,5
N20003056,472,220,78,18,5
N20003057,466,178,60,17,10
N20003058,304,146,57,15,4
N20003059,333,176,67,25,11
N20003060,170,77,29,6,4
N20003061,303,140,45,21,7
N20003062,603,276,89,38,9
N20003063,645,264,106,36,16
N20003064,418,188,56,25,10
N20003065,486,216,85,26,7
N20003066,345,173,58,15,11
N20003067,249,140,50,20,7
N20003068,260,107,54,25,7
N20003069,424,192,79,26,8
N20003070,417,171,86,19,6
N20003071,327,145,67,33,12
N20003072,207,142,57,18,8
N20003073,502,175,63,25,3
N20003074,422,176,78,28,9
N20003075,370,157,61,12,9
N20003076,180,106,65,28,11
N20003077,330,140,60,18,7
N20003078,386,157,53,13,6
N20003079,472,181,62,20,3
N20003080,255,85,47,20,14
N20003081,362,169,71,18,7
N20003082,223,97,42,10,4
N20003083,285,120,45,20,0
N20003084,328,155,76,27,0
N20003085,275,150,49,13,4
N20003086,324,145,47,5,7
N20003087,156,79,29,11,5
N20003088,319,148,79,22,8
N20003089,480,194,83,35,6
N20003090,214,145,99,19,11
N20003091,259,146,65,31,9
N20003092,377,191,99,12,10
N20003093,318,192,75,18,6
N20003094,337,170,46,24,4
N20003095,294,164,73,15,4
N20003096,344,146,72,37,9
N20003097,246,177,82,20,10
N20003098,144,136,79,31,14
N20003099,203,141,51,15,4
N20003100,277,137,77,28,6
N20003101,348,119,60,18,7
N20003102,287,174,67,18,4
N20003103,529,200,73,18,17
N20003104,367,197,68,40,10
N20003105,398,192,81,25,8
N20003106,192,86,31,17,2
N20003107,455,208,87,44,13
N20003108,159,86,44,12,6
N20003109,167,131,72,47,16
N20003110,452,167,81,18,4
N20003111,242,161,99,67,11
N20003112,248,107,62,31,5
N20003113,414,224,86,48,18
N20003114,245,120,66,28,13
N20003115,529,232,92,41,25
N20003116,191,97,51,29,10
N20003117,166,94,64,38,13
N20003118,175,80,37,32,11
N20003119,99,77,54,27,11
N20003120,217,122,65,36,23
N20003121,497,163,57,27,11
N20003122,297,116,68,27,12
N20003123,273,147,83,22,12
N20003124,424,192,86,36,19
N20003125,449,175,68,23,4
N20003126,501,220,85,52,20
N20003127,412,191,78,26,7
N20003128,461,219,93,28,8
N20003129,493,159,83,25,10
N20003130,430,163,65,22,6
N20003131,351,143,64,21,11
N20003132,177,91,44,18,5
N20003133,607,211,81,21,10
N20003134,160,86,65,22,12
N20003135,333,147,56,12,7
N20003136,318,130,49,15,5
N20003137,420,189,105,28,12
N20003138,274,113,58,13,3
N20003139,228,110,52,20,10
N20003140,363,149,47,18,7
N20003141,175,81,32,18,6
N20003142,359,144,53,14,9
N20003143,265,133,59,35,13
N20003144,352,147,66,28,6
N20003145,239,133,59,29,4
N20003146,184,133,80,40,22
N20003147,307,129,83,37,12
N20003148,329,167,38,23,7
N20003149,569,222,89,37,12
N20003150,240,150,88,50,17
N20003151,277,128,47,19,1
N20003152,246,118,60,15,3
N20003153,466,157,71,23,8
N20003154,318,209,124,46,22
N20003155,405,225,69,28,10
N20003156,346,187,74,22,4
N20003157,318,162,58,34,18
N20003158,166,114,67,13,6
N20003159,171,121,71,31,17
N20003160,238,117,63,28,10
N20003161,277,175,79,43,15
N20003162,184,149,69,26,16
N20003163,238,131,68,33,9
N20003164,214,113,85,41,20
N20003165,332,139,62,14,5
N20003166,138,89,50,36,10
N20003167,227,150,77,49,11
N20003168,257,107,38,17,9
N20003169,492,199,51,19,2
N20003170,218,130,84,30,13
N20003171,105,86,67,34,12
N20003172,219,140,56,27,9
N20003173,225,193,97,56,17
N20003174,130,99,69,49,25
N20003175,133,119,93,51,34
N20003176,273,175,75,43,14
N20003177,247,141,72,37,23
N20003178,195,147,89,48,13
N20003179,154,129,59,26,9
N20003180,312,156,69,18,10
N20003181,209,142,54,33,12
N20003182,273,129,75,36,16
N20003183,217,137,93,37,18
N20003184,229,153,111,53,14
N20003185,178,152,97,51,26
N20003186,257,164,103,55,13
N20003187,201,155,65,35,12
N20003188,261,136,72,30,6
N20003189,275,149,90,50,15
N20003190,116,81,52,18,14
N20003191,330,157,58,18,11
N20003192,183,127,90,52,17
N20003193,306,134,49,21,3
N20003194,364,180,71,25,10
N20003195,231,138,89,41,23
N20003196,338,143,34,6,4
N20003197,392,246,102,38,12
N20003198,326,141,54,16,9
N20003199,152,109,44,29,11
N20003200,653,236,115,41,19
N20003201,170,128,63,30,9
N20003202,305,149,103,24,10
N20003203,316,142,56,19,5
N20003204,437,181,95,28,7
N20003205,340,140,64,20,19
N20003206,226,137,59,28,6
N20003207,380,149,50,18,5
N20003208,288,112,47,7,5
N20003209,365,137,47,10,4
N20003210,277,131,51,18,4
N20003211,379,144,49,26,5
N20003212,509,191,79,22,4
N20003213,465,241,91,29,12
N20003214,540,252,92,33,17
N20003215,397,181,75,41,10
N20003216,460,195,64,13,4
N20003217,279,136,67,28,15
N20003218,401,180,49,15,5
N20003219,305,124,57,19,7
N20003220,315,135,56,32,7
N20003221,497,227,71,33,15
N20003222,399,128,52,20,9
N20003223,294,117,44,23,4
N20003224,234,120,49,22,7
N20003225,463,199,69,23,6
N20003226,444,185,79,19,14
N20003227,524,161,50,20,8
N20003228,334,135,66,23,5
N20003229,327,150,52,17,2
N20003230,422,167,67,21,11
N20003231,403,182,64,23,8
N20003232,231,123,53,15,21
N20003233,404,138,53,18,3
N20003234,472,148,57,18,6
N20003235,397,158,54,14,4
N20003236,407,214,111,36,13
N20003237,322,168,57,8,5
N20003238,307,155,51,14,9
N20003239,334,173,71,27,9
N20003240,412,196,75,21,8
N20003241,358,195,67,24,13
N20003242,197,133,71,33,11
N20003243,295,175,84,20,8
N20003244,341,158,68,29,12
N20003245,121,97,59,34,12
N20003246,209,144,62,40,9
N20003247,122,67,41,12,0
N20003248,160,130,84,41,16
N20003249,131,90,47,25,7
N20003250,298,129,56,22,13
N20003251,86,51,54,29,15
N20003252,193,130,58,29,11
N20003253,254,111,67,30,10
N20003254,184,117,64,20,6
N20003255,165,167,86,30,9
N20003256,231,149,66,14,8
N20003257,414,189,78,23,7
N20003258,213,94,51,31,8
N20003259,279,134,91,31,6
N20003260,374,144,49,20,6
N20003261,410,174,77,24,4
N20003262,286,168,84,37,10
N20003263,227,132,82,51,20
N20003264,336,103,44,16,9
N20003265,191,125,88,52,18
N20003266,263,196,101,46,12
N20003267,166,116,72,41,13
N20003268,335,164,51,15,5
N20003269,182,131,96,61,20
N20003270,222,173,99,24,4
N20003271,164,110,82,34,18
N20003272,371,146,63,27,9
N20003273,326,171,60,21,7
N20003274,320,207,134,33,6
N20003275,279,129,46,19,6
N20003276,399,160,79,18,6
N20003277,211,140,59,20,11
N20003278,184,158,112,39,14
N20003279,136,121,53,37,9
N20003280,316,122,48,18,5
N20003281,319,150,90,30,11
N20003282,432,186,88,28,12
N20003283,339,183,58,29,8
N20003284,260,152,88,48,20
N20003285,217,123,61,23,9
N20003286,258,115,62,27,13
N20003287,269,148,76,33,12
N20003288,423,157,70,24,5
N20003289,319,149,67,22,6
N20003290,344,227,80,27,6
N20003291,359,169,56,21,8
N20003292,433,209,87,24,2
N20003293,488,221,64,28,10
N20003294,268,143,51,32,7
N20003295,326,174,52,16,9
N20003296,224,113,48,22,8
N20003297,362,175,61,28,10
N20003298,284,129,53,15,4
N20003299,343,179,89,28,13
N20003300,387,185,89,32,8
N20003301,241,194,80,49,19
N20003302,247,182,119,60,27
N20003303,181,135,61,34,10
N20003304,387,257,140,60,22
N20003305,134,82,77,25,8
N20003306,189,130,79,32,10
N20003307,166,111,77,15,10
N20003308,276,151,52,24,6
N20003309,299,153,43,28,9
N20003310,345,143,63,24,3
N20003311,320,199,81,20,8
N20003312,204,106,59,20,3
N20003313,333,154,68,20,4
N20003314,231,115,58,11,4
N20003315,341,216,90,27,13
N20003316,212,96,35,7,3
N20003317,463,242,98,34,18
N20003318,294,178,129,40,16
N20003319,594,252,106,36,9
N20003320,250,132,49,14,7
N20003321,418,205,75,23,9
N20003322,278,129,48,23,4
N20003323,269,123,72,17,7
N20003324,423,265,103,43,14
N20003325,251,122,45,15,5
N20003326,326,160,57,27,15
N20003327,414,177,70,20,11
N20003328,411,240,90,33,6
N20003329,284,165,63,34,12
N20003330,295,174,79,32,8
N20003331,341,187,74,25,5
N20003332,308,154,48,14,4
N20003333,261,166,46,19,9
N20003334,246,110,66,30,14
N20003335,412,235,118,46,14
N20003336,459,206,91,28,14
N20003337,388,179,75,19,8
N20003338,421,205,57,26,14
N20003339,112,107,66,41,15
N20003340,212,155,70,27,11
N20003341,330,207,91,38,13
N20003342,375,180,89,40,17
N20003343,281,143,149,40,15
N20003344,271,123,40,20,5
N20003345,225,92,49,28,7
N20003346,187,79,48,32,11
N20003347,286,152,53,24,3
N20003348,180,96,33,7,1
N20003349,443,215,74,21,5
N20003350,272,176,121,22,7
N20003351,181,97,59,12,2
N20003352,296,180,43,20,7
N20003353,240,139,64,34,3
N20003354,224,135,43,21,5
N20003355,402,163,56,25,10
N20003356,299,155,56,20,4
N20003357,314,121,72,23,6
N20003358,346,169,105,50,6
N20003359,316,179,81,19,6
N20003360,223,97,47,10,6
N20003361,223,138,56,19,8
N20003362,195,133,74,21,4
N20003363,223,124,62,11,3
N20003364,154,121,69,38,16
N20003365,293,156,64,15,4
N20003366,238,188,130,20,4
N20003367,132,100,51,11,5
N20003368,204,128,56,24,9
N20003369,212,171,108,53,11
N20003370,379,200,72,25,3
N20003371,335,219,81,24,13
N20003372,152,94,50,25,7
N20003373,282,140,45,9,4
N20003374,114,88,45,30,4
N20003375,169,114,80,23,5
N20003376,138,115,32,24,7
N20003377,142,102,76,40,6
N20003378,192,143,79,41,13
N20003379,151,129,83,39,14
N20003380,236,166,104,43,15
N20003381,221,163,89,27,10
N20003382,140,126,66,18,6
N20003383,222,136,74,28,7
N20003384,250,158,78,31,11
N20003385,234,143,59,15,4
N20003386,232,138,63,15,7
N20003387,353,187,73,23,3
N20003388,281,162,79,52,7
N20003389,180,139,57,20,6
N20003390,264,123,23,7,4
N20003391,288,172,96,25,9
N20003392,394,193,76,21,8
N20003393,388,170,76,18,8
N20003394,361,163,66,34,13
N20003395,372,197,92,29,5
N20003396,303,205,89,29,10
N20003397,312,204,128,52,13
N20003398,310,109,42,14,10
N20003399,330,181,74,23,9
N20003400,253,123,56,13,4
N20003401,256,124,68,33,11
N20003402,203,118,41,18,6
N20003403,191,123,78,25,7
N20003404,148,99,32,28,9
N20003405,277,188,76,34,2
N20003406,146,116,96,44,10
N20003407,137,116,72,39,11
N20003408,63,83,79,27,14
N20003409,203,145,74,29,16
N20003410,164,141,91,46,18
N20003411,491,210,81,29,4
N20003412,319,169,41,14,4
N20003413,210,160,98,37,11
N20003414,395,227,100,31,11
N20003415,100,63,37,15,11
N20003416,230,188,86,59,23
N20003417,255,138,83,55,15
N20003418,283,141,53,22,10
N20003419,278,191,126,66,11
N20003420,346,207,100,55,29
N20003421,365,177,99,45,9
N20003422,282,154,78,20,9
N20003423,288,175,73,37,11
N20003424,241,148,55,30,2
N20003425,201,117,54,37,13
N20003426,228,106,59,34,5
N20003427,126,88,49,35,20
N20003428,222,174,103,36,13
N20003429,345,205,91,35,9
N20003430,220,129,60,36,19
N20003431,247,144,66,29,6
N20003432,145,90,31,8,3
N20003433,247,154,54,26,4
N20003434,163,117,54,22,8
N20003435,204,120,48,16,3
N20003436,275,208,106,41,4
N20003437,211,156,99,25,2
N20003438,184,171,80,18,11
N20003439,128,131,45,17,4
N20003440,182,136,116,56,19
N20003441,107,105,77,40,11
N20003442,140,105,49,13,7
N20003443,207,150,77,16,11
N20003444,176,144,79,24,7
N20003445,112,96,83,45,22
N20003446,125,118,56,24,3
N20003447,181,105,43,11,7
N20003448,409,245,86,25,7
N20003449,83,93,38,21,5
N20003450,132,136,88,42,10
N20003451,179,131,47,16,3
N20003452,230,153,60,20,4
N20003453,247,146,44,9,3
N20003454,215,163,44,4,0
N20003455,228,89,28,4,1
N20003456,266,174,55,16,7
N20003457,277,156,62,15,7
N20003458,160,106,47,15,1
N20003459,155,128,60,20,5
N20003460,228,146,50,11,4
N20003461,171,103,43,14,6
N20003462,205,100,34,4,3
N20003463,330,275,94,29,14
N20003464,161,110,37,9,3
N20003465,217,203,98,35,16
N20003466,292,186,61,19,2
N20003467,458,276,97,21,6
N20003468,399,146,46,10,1
N20003469,333,242,93,36,17
N20003470,336,150,63,14,5
N20003471,333,237,98,20,5
N20003472,191,122,60,23,4
N20003473,302,199,50,29,4
N20003474,343,186,72,24,7
N20003475,345,155,67,16,7
N20003476,276,205,74,31,6
N20003477,301,149,56,11,3
N20003478,294,157,43,12,2
N20003479,143,119,68,29,26
N20003480,294,155,39,14,7
N20003481,165,130,46,10,5
N20003482,265,168,48,14,2
N20003483,243,122,52,15,1
N20003484,299,204,62,20,5
N20003485,127,108,72,20,4
N20003486,201,122,92,23,11
N20003487,197,201,100,41,8
N20003488,360,220,74,27,6
N20003489,207,115,40,9,0
N20003490,186,149,83,30,10
N20003491,306,206,68,31,3
N20003492,317,230,98,31,8
N20003493,232,207,104,45,10
N20003494,238,162,73,28,7
N20003495,165,134,76,41,6
N20003496,267,199,77,26,8
N20003497,215,104,54,20,5
N20003498,147,129,46,22,6
N20003499,114,88,63,41,16
N20003500,82,81,45,30,7
N20003501,185,134,93,38,12
N20003502,321,215,118,31,13
N20003503,153,103,86,37,16
N20003504,173,170,90,50,15
N20003505,359,204,93,39,14
N20003506,239,182,130,73,28
N20003507,249,142,44,17,5
N20003508,227,179,77,21,9
N20003509,140,107,82,35,5
N20003510,45,37,60,25,14
N20003511,180,136,49,17,1
N20003512,112,101,68,31,10
N20003513,78,75,57,17,14
N20003514,210,192,109,43,11
N20003515,168,136,129,40,23
N20003516,136,123,91,33,12
N20003517,119,107,57,27,12
N20003518,155,148,88,40,14
N20003519,144,123,63,24,6
N20003520,209,166,96,38,26
N20003521,191,149,118,71,18
N20003522,121,124,53,14,8
N20003523,284,155,73,19,6
N20003524,153,101,56,23,6
N20003525,173,122,62,14,3
N20003526,145,103,72,35,21
N20003527,121,94,74,42,18
N20003528,278,150,45,15,7
N20003529,120,107,52,28,7
N20003530,182,115,43,16,5
N20003531,102,119,119,57,30
N20003532,219,155,104,59,18
N20003533,202,152,107,64,20
N20003534,174,136,82,34,6
N20003535,289,170,64,26,4
N20003536,351,214,99,30,11
N20003537,343,176,61,10,5
N20003538,351,180,48,7,1
N20003539,194,109,34,10,1
N20003540,167,139,44,9,2
N20003541,145,104,63,21,4
N20003542,199,156,54,11,3
N20003543,114,121,78,27,5
N20003544,194,118,30,8,3
N20003545,330,188,66,17,8
N20003546,324,182,89,34,10
N20003547,367,193,81,29,7
N20003548,439,166,52,15,2
N20003549,368,169,63,22,7
N20003550,341,177,62,17,5
N20003551,210,166,35,13,2
N20003552,114,103,56,45,18
N20003553,426,255,93,29,12
N20003554,718,362,83,29,9
N20003555,253,129,67,22,6
N20003556,279,144,36,18,6
N20003557,180,92,12,5,0
N20003558,160,120,66,41,10
N20003559,254,124,59,19,6
N20003560,216,102,47,8,8
N20003561,232,168,62,16,2
N20003562,450,230,62,13,2
N20003563,73,96,90,24,14
N20003564,211,115,31,19,5
N20003565,263,120,28,11,2
N20003566,200,111,40,9,3
N20003567,278,186,60,21,5
N20003568,362,180,82,18,5
N20003569,497,239,93,45,15
N20003570,100,83,52,27,16
N20003571,219,135,91,33,13
N20003572,194,172,87,41,16
N20003573,227,181,71,39,11
N20003574,190,121,70,34,10
N20003575,246,99,27,9,0
N20003576,349,143,43,15,2
N20003577,155,136,74,31,8
N20003578,384,172,74,14,5
N20003579,154,105,60,5,7
N20003580,253,148,68,20,16
N20003581,438,193,65,15,3
N20003582,160,135,98,30,10
N20003583,220,107,55,12,5
N20003584,236,172,83,18,4
N20003585,213,147,64,16,3
N20003586,292,204,98,40,11
N20003587,156,144,69,18,10
N20003588,155,144,64,24,7
N20003589,189,175,92,27,7
N20003590,169,103,34,4,1
N20003591,127,98,34,3,2
N20003592,201,119,66,31,10
N20003593,96,98,57,35,9
N20003594,266,159,70,22,8
N20003595,238,190,77,34,13
N20003596,182,147,69,30,4
N20003597,164,108,40,15,1
N20003598,154,114,57,17,1
N20003599,208,170,93,36,8
N20003600,206,134,49,18,5
N20003601,130,128,45,7,3
N20003602,186,130,78,25,11
N20003603,224,172,60,21,11
N20003604,139,92,54,21,5
N20003605,301,245,127,53,17
N20003606,102,75,47,21,11
N20003607,184,146,48,32,11
N20003608,64,83,46,36,15
N20003609,199,145,88,46,13
N20003610,116,88,30,12,9
N20003611,187,138,57,35,23
N20003612,183,98,54,21,2
N20003613,176,148,67,8,4
N20003614,196,148,80,29,8
N20003615,286,217,99,32,15
N20003616,226,149,134,71,34
N20003617,174,120,83,42,8
N20003618,172,138,90,30,5
N20003619,361,260,79,30,6
N20003620,346,240,91,37,7
N20003621,242,102,61,21,8
N20003622,295,121,50,14,0
N20003623,304,171,47,18,5
N20003624,294,173,94,39,2
N20003625,271,153,71,14,8
N20003626,245,162,80,21,11
N20003627,231,140,50,14,3
N20003628,267,165,59,13,6
N20003629,270,152,56,18,3
N20003630,277,159,50,16,3
N20003631,166,137,54,19,9
N20003632,251,199,78,38,9
N20003633,25,55,68,26,9
N20003634,205,149,54,20,5
N20003635,198,142,79,29,14
N20003636,108,116,40,11,2
N20003637,242,149,60,18,7
N20003638,250,140,53,24,4
N20003639,209,152,64,19,5
N20003640,102,100,66,40,8
N20003641,125,105,38,10,5
N20003642,132,133,67,17,5
N20003643,104,73,98,42,13
N20003644,171,173,101,35,14
N20003645,308,189,82,22,7
N20003646,188,165,73,30,2
N20003647,297,195,66,17,3
N20003648,138,158,86,22,14
N20003649,270,181,80,18,5
N20003650,338,279,125,44,9
N20003651,169,141,89,47,13
N20003652,326,175,63,18,3
N20003653,166,95,90,38,22
N20003654,127,118,109,46,25
N20003655,258,158,77,27,4
N20003656,178,155,74,26,6
N20003657,146,109,61,28,7
N20003658,147,146,54,25,2
N20003659,214,165,85,35,12
N20003660,171,107,66,49,11
N20003661,155,155,70,26,9
N20003662,118,95,89,40,19
N20003663,178,123,97,39,10
N20003664,231,193,74,29,12
N20003665,85,69,42,29,7
N20003666,159,126,88,57,29
N20003667,275,174,64,27,8
N20003668,216,135,76,36,23
N20003669,315,208,69,26,7
N20003670,174,104,57,23,2
N20003671,190,125,39,21,4
N20003672,179,113,30,8,3
N20003673,437,208,53,17,5
N20003674,209,99,32,11,1
N20003675,290,123,16,6,2
N20003676,356,147,57,12,0
N20003677,187,134,75,32,11
N20003678,323,127,40,15,2
N20003679,53,85,96,25,12
N20003680,202,166,96,19,5
N20003681,199,111,42,5,2
N20003682,108,127,78,41,19
N20003683,124,94,60,27,2
N20003684,210,199,76,25,5
N20003685,248,155,51,19,5
N20003686,178,112,42,11,0
N20003687,169,153,58,14,4
N20003688,200,119,32,5,6
N20003689,176,121,54,23,3
N20003690,150,112,59,12,2
N20003691,205,139,58,20,9
N20003692,51,50,59,21,10
N20003693,214,151,53,29,11
N20003694,228,135,64,20,11
N20003695,277,176,52,19,6
N20003696,215,216,97,31,10
N20003697,314,168,65,10,4
N20003698,271,208,95,29,5
N20003699,217,146,68,24,10
N20003700,355,176,65,22,3
N20003701,268,188,66,15,9
N20003702,151,111,48,11,2
N20003703,193,141,39,14,7
N20003704,222,206,69,17,4
N20003705,208,153,67,26,6
N20003706,195,137,65,9,5
N20003707,141,129,74,22,8
N20003708,323,228,82,28,8
N20003709,308,187,69,34,7
N20003710,105,75,32,11,4
N20003711,71,75,48,22,9
N20003712,271,213,107,37,4
N20003713,114,81,51,23,6
N20003714,408,190,59,18,1
N20003715,84,105,57,18,2
N20003716,305,175,79,17,8
N20003717,306,115,37,4,3
N20003718,159,134,86,40,17
N20003719,405,237,62,24,7
N20003720,164,164,83,44,13
N20003721,194,145,55,19,7
N20003722,202,143,66,19,6
N20003723,119,115,62,41,17
N20003724,124,100,67,16,8
N20003725,267,178,90,45,12
N20003726,148,104,58,12,2
N20003727,144,106,60,25,6
N20003728,310,206,89,35,20
N20003729,353,199,51,12,4
N20003730,197,126,83,18,8
N20003731,193,121,48,20,4
N20003732,192,120,102,58,17
N20003733,232,141,84,27,8
N20003734,349,225,78,32,11
N20003735,194,154,110,64,23
N20003736,141,113,54,16,4
N20003737,189,107,58,19,10
N20003738,248,215,108,40,19
N20003739,392,251,95,26,11
N20003740,248,145,58,22,14
N20003741,200,117,68,35,15
N20003742,167,102,57,36,11
N20003743,312,249,98,37,14
N20003744,184,114,73,18,11
N20003745,211,129,60,28,11
N20003746,233,150,65,20,5
N20003747,244,156,60,22,4
N20003748,151,114,77,31,12
N20003749,163,104,53,30,10
N20003750,158,122,98,54,13
N20003751,142,102,89,41,10
N20003752,142,124,80,27,8
N20003753,219,112,54,42,8
N20003754,202,149,92,40,7
N20003755,224,156,72,20,8
N20003756,226,170,92,43,13
N20003757,260,231,113,48,9
N20003758,314,235,131,49,21
N20003759,150,118,94,35,11
N20003760,226,127,60,24,5
N20003761,314,195,89,28,11
N20003762,162,126,62,19,3
N20003763,243,147,74,35,5
N20003764,145,105,76,25,17
N20003765,135,105,68,38,13
N20003766,381,199,83,42,11
N20003767,151,134,66,14,3
N20003768,178,142,92,41,12
N20003769,240,153,59,19,4
N20003770,177,99,69,22,8
N20003771,347,220,115,36,8
N20003772,248,143,79,28,10
N20003773,407,185,84,44,10
N20003774,220,116,45,22,17
N20003775,268,166,92,59,13
N20003776,232,131,55,27,4
N20003777,172,115,96,51,14
N20003778,197,123,74,25,11
N20003779,160,126,92,56,13
N20003780,208,119,74,35,11
