dz_2021_code,white,asian,black,mixed,other
N20000001,734,1,0,3,0
N20000002,329,0,1,1,0
N20000003,365,0,0,0,0
N20000004,655,0,0,7,1
N20000005,676,0,0,0,0
N20000006,461,1,0,2,0
N20000007,877,1,2,0,0
N20000008,636,3,0,2,0
N20000009,392,0,1,8,0
N20000010,543,0,0,1,0
N20000011,512,0,7,6,0
N20000012,497,2,0,4,0
N20000013,407,0,0,0,1
N20000014,505,1,0,0,0
N20000015,579,6,1,0,0
N20000016,444,3,1,5,0
N20000017,667,2,5,2,0
N20000018,479,7,0,0,0
N20000019,369,5,14,5,0
N20000020,545,3,8,0,3
N20000021,540,0,0,4,1
N20000022,437,2,1,1,0
N20000023,491,1,0,4,3
N20000024,620,0,0,0,0
N20000025,360,50,0,5,0
N20000026,550,0,0,4,0
N20000027,459,98,0,1,0
N20000028,546,1,3,0,0
N20000029,545,0,2,4,0
N20000030,490,3,2,0,1
N20000031,524,3,4,0,0
N20000032,458,0,0,0,1
N20000033,536,0,0,0,0
N20000034,438,1,0,0,0
N20000035,592,53,7,17,2
N20000036,360,13,1,0,0
N20000037,395,16,10,1,0
N20000038,556,56,7,5,4
N20000039,480,4,1,13,2
N20000040,323,18,10,5,17
N20000041,831,90,0,9,1
N20000042,527,129,0,9,0
N20000043,715,95,3,4,2
N20000044,444,47,1,1,0
N20000045,430,31,0,5,0
N20000046,544,20,5,1,0
N20000047,480,29,0,6,1
N20000048,540,15,0,7,0
N20000049,504,48,2,0,0
N20000050,418,3,0,0,4
N20000051,474,9,1,9,0
N20000052,492,7,0,1,1
N20000053,382,16,9,1,0
N20000054,504,7,1,4,0
N20000055,318,12,3,3,0
N20000056,467,8,0,6,0
N20000057,431,21,6,4,2
N20000058,396,13,4,0,0
N20000059,383,8,11,10,1
N20000060,348,3,0,4,0
N20000061,362,17,0,3,0
N20000062,583,5,6,3,0
N20000063,321,32,0,1,0
N20000064,378,10,0,2,1
N20000065,485,6,0,0,0
N20000066,325,0,0,0,0
N20000067,498,11,0,12,0
N20000068,410,11,2,0,0
N20000069,451,5,1,4,0
N20000070,419,6,0,0,1
N20000071,313,13,4,3,6
N20000072,517,16,10,15,0
N20000073,465,4,0,2,0
N20000074,460,4,0,3,1
N20000075,411,9,1,5,6
N20000076,345,15,10,0,5
N20000077,298,2,2,1,1
N20000078,320,2,1,0,0
N20000079,379,3,3,2,0
N20000080,591,38,1,2,1
N20000081,325,4,4,0,1
N20000082,441,0,9,0,2
N20000083,269,1,0,0,0
N20000084,286,0,0,0,2
N20000085,566,15,2,8,4
N20000086,606,2,0,3,0
N20000087,472,0,1,0,0
N20000088,480,0,6,0,0
N20000089,674,0,1,4,0
N20000090,787,5,2,9,0
N20000091,500,5,0,4,0
N20000092,797,2,0,3,0
N20000093,401,1,0,6,0
N20000094,421,0,0,4,2
N20000095,392,2,0,3,0
N20000096,578,0,0,4,0
N20000097,559,3,3,7,1
N20000098,383,0,0,0,0
N20000099,462,2,0,0,0
N20000100,695,2,1,6,1
N20000101,457,3,0,2,1
N20000102,464,8,0,3,0
N20000103,349,4,0,0,0
N20000104,529,2,2,0,0
N20000105,401,3,2,0,1
N20000106,411,0,1,1,0
N20000107,379,5,7,9,2
N20000108,349,0,0,0,0
N20000109,547,2,0,3,0
N20000110,657,1,0,3,0
N20000111,548,8,0,1,0
N20000112,314,0,7,1,1
N20000113,394,7,1,0,0
N20000114,439,0,0,0,0
N20000115,715,5,0,6,0
N20000116,301,0,0,3,7
N20000117,339,2,0,2,0
N20000118,414,1,0,2,1
N20000119,330,2,0,0,0
N20000120,401,1,0,0,0
N20000121,691,4,1,8,1
N20000122,708,0,0,2,1
N20000123,481,3,0,5,0
N20000124,452,3,0,1,1
N20000125,428,4,6,3,0
N20000126,600,8,0,2,2
N20000127,191,0,1,1,0
N20000128,689,3,5,4,0
N20000129,809,5,2,7,3
N20000130,546,6,0,9,0
N20000131,390,2,0,0,0
N20000132,557,39,1,6,0
N20000133,724,12,0,4,0
N20000134,617,41,1,18,0
N20000135,521,0,0,0,2
N20000136,488,2,0,3,0
N20000137,445,3,2,6,1
N20000138,487,3,1,5,0
N20000139,458,1,1,2,0
N20000140,629,69,8,8,3
N20000141,339,5,0,4,3
N20000142,346,0,0,1,0
N20000143,595,20,2,8,0
N20000144,375,6,0,0,1
N20000145,260,0,0,0,0
N20000146,387,5,4,6,0
N20000147,503,0,0,0,0
N20000148,310,0,0,0,0
N20000149,592,22,1,0,0
N20000150,316,2,0,1,0
N20000151,588,14,1,4,3
N20000152,327,27,0,12,4
N20000153,544,0,1,0,1
N20000154,776,4,0,3,4
N20000155,345,1,5,4,0
N20000156,663,6,0,4,1
N20000157,662,2,1,8,2
N20000158,573,20,0,3,0
N20000159,378,5,0,1,1
N20000160,339,15,1,10,0
N20000161,495,32,1,12,7
N20000162,717,12,2,15,2
N20000163,506,17,5,4,0
N20000164,563,8,0,0,0
N20000165,436,9,10,4,1
N20000166,373,9,3,7,1
N20000167,286,3,13,5,0
N20000168,413,5,3,5,2
N20000169,413,6,3,7,0
N20000170,457,5,3,9,0
N20000171,411,36,1,8,0
N20000172,508,82,0,6,0
N20000173,619,7,5,7,1
N20000174,613,2,0,8,0
N20000175,379,45,9,0,8
N20000176,408,3,0,0,0
N20000177,319,21,9,3,1
N20000178,399,11,14,10,5
N20000179,530,48,9,4,0
N20000180,477,0,2,3,0
N20000181,456,3,0,1,2
N20000182,677,0,0,2,1
N20000183,407,6,4,5,1
N20000184,409,2,0,7,0
N20000185,233,6,0,2,1
N20000186,190,12,0,1,0
N20000187,362,2,0,6,1
N20000188,477,23,1,0,0
N20000189,566,0,5,1,0
N20000190,356,2,0,0,0
N20000191,391,6,4,4,0
N20000192,260,1,0,0,0
N20000193,234,1,0,3,0
N20000194,344,0,8,5,1
N20000195,527,1,2,1,0
N20000196,216,0,0,0,0
N20000197,211,2,0,0,0
N20000198,346,6,0,7,0
N20000199,500,4,0,4,4
N20000200,553,3,1,3,1
N20000201,550,5,4,5,3
N20000202,396,0,0,2,0
N20000203,280,27,0,7,0
N20000204,374,4,0,1,0
N20000205,304,11,0,3,1
N20000206,272,8,0,1,2
N20000207,444,2,0,0,2
N20000208,459,2,4,7,9
N20000209,470,4,5,10,11
N20000210,640,12,4,3,0
N20000211,590,11,6,7,0
N20000212,509,2,0,1,1
N20000213,387,3,1,0,0
N20000214,319,3,0,0,0
N20000215,476,22,0,1,1
N20000216,276,5,0,0,0
N20000217,566,27,0,2,0
N20000218,577,2,0,4,1
N20000219,675,38,4,3,1
N20000220,429,5,0,0,0
N20000221,508,11,1,1,0
N20000222,461,17,4,2,0
N20000223,480,6,0,6,0
N20000224,453,3,0,1,4
N20000225,297,13,0,0,0
N20000226,585,13,0,2,5
N20000227,474,15,0,0,0
N20000228,398,23,1,5,0
N20000229,443,16,2,3,0
N20000230,514,5,1,1,1
N20000231,463,21,0,4,0
N20000232,312,1,3,0,0
N20000233,461,5,0,6,6
N20000234,409,12,0,1,0
N20000235,331,20,3,10,1
N20000236,411,24,5,0,1
N20000237,401,10,0,5,0
N20000238,575,0,1,7,1
N20000239,459,1,0,3,0
N20000240,333,11,0,4,0
N20000241,281,6,0,0,4
N20000242,428,14,1,6,2
N20000243,343,0,0,6,6
N20000244,664,14,2,10,1
N20000245,388,10,0,0,1
N20000246,531,10,0,4,0
N20000247,434,14,0,8,0
N20000248,268,1,0,1,0
N20000249,336,13,0,5,0
N20000250,382,6,0,2,0
N20000251,703,1,3,5,2
N20000252,446,3,0,0,0
N20000253,612,3,2,1,0
N20000254,496,4,0,0,0
N20000255,504,21,8,13,0
N20000256,532,21,0,8,0
N20000257,301,2,1,3,1
N20000258,505,2,4,5,0
N20000259,574,8,0,6,0
N20000260,650,0,1,0,1
N20000261,877,4,0,12,0
N20000262,635,6,1,9,0
N20000263,545,11,2,4,0
N20000264,651,15,6,10,2
N20000265,516,14,0,7,0
N20000266,371,3,0,2,0
N20000267,790,12,0,6,0
N20000268,659,6,0,0,1
N20000269,637,10,0,0,1
N20000270,331,14,0,4,1
N20000271,499,5,1,6,0
N20000272,624,19,6,8,0
N20000273,394,5,0,6,0
N20000274,530,0,2,1,2
N20000275,476,9,1,4,1
N20000276,586,10,1,1,3
N20000277,419,13,0,2,0
N20000278,520,0,1,2,0
N20000279,1198,22,59,30,24
N20000280,650,2,0,8,0
N20000281,660,1,1,7,0
N20000282,422,1,1,0,5
N20000283,733,6,1,3,6
N20000284,606,2,0,5,5
N20000285,642,3,1,4,0
N20000286,518,2,0,0,0
N20000287,725,3,1,8,1
N20000288,446,29,1,2,0
N20000289,350,6,0,0,0
N20000290,298,0,1,0,3
N20000291,313,4,0,0,0
N20000292,557,2,0,3,0
N20000293,519,4,0,11,0
N20000294,722,1,0,2,1
N20000295,690,0,0,0,10
N20000296,553,2,0,0,0
N20000297,630,5,1,1,1
N20000298,664,0,0,0,0
N20000299,544,0,0,0,0
N20000300,484,1,0,0,1
N20000301,714,1,0,0,0
N20000302,770,0,0,0,0
N20000303,657,9,0,2,2
N20000304,496,10,0,2,0
N20000305,559,3,0,7,0
N20000306,528,5,0,3,0
N20000307,407,8,0,0,1
N20000308,393,14,0,8,22
N20000309,648,16,5,1,12
N20000310,437,1,1,1,0
N20000311,512,7,0,3,0
N20000312,682,3,0,4,7
N20000313,413,6,0,3,15
N20000314,329,15,6,0,5
N20000315,447,43,4,5,12
N20000316,437,1,0,3,57
N20000317,681,3,1,1,26
N20000318,508,15,3,0,2
N20000319,240,0,1,1,18
N20000320,474,16,1,8,10
N20000321,322,0,0,0,6
N20000322,420,3,0,1,50
N20000323,209,1,0,9,12
N20000324,337,3,0,5,15
N20000325,387,7,3,8,5
N20000326,512,11,0,1,6
N20000327,516,4,0,9,12
N20000328,320,3,0,2,0
N20000329,789,9,3,5,2
N20000330,551,1,0,7,3
N20000331,553,14,1,3,2
N20000332,488,1,0,3,6
N20000333,484,3,1,0,1
N20000334,549,17,0,3,1
N20000335,379,3,0,8,0
N20000336,456,2,3,0,2
N20000337,467,9,0,3,2
N20000338,406,0,0,0,0
N20000339,552,0,0,1,8
N20000340,541,0,0,1,1
N20000341,676,1,0,0,1
N20000342,415,0,0,0,1
N20000343,669,0,0,1,1
N20000344,583,0,0,0,0
N20000345,570,0,1,0,0
N20000346,654,2,0,1,0
N20000347,517,0,0,1,0
N20000348,525,1,0,0,0
N20000349,454,2,0,4,9
N20000350,607,4,0,2,16
N20000351,420,5,5,0,1
N20000352,562,2,1,5,10
N20000353,509,0,0,1,2
N20000354,735,0,0,1,0
N20000355,526,0,1,0,0
N20000356,694,5,0,2,0
N20000357,388,1,1,2,0
N20000358,558,3,0,0,0
N20000359,549,2,1,3,0
N20000360,402,0,0,0,1
N20000361,657,2,8,1,1
N20000362,644,2,0,1,1
N20000363,486,0,0,2,2
N20000364,551,3,0,4,1
N20000365,537,2,0,0,0
N20000366,467,0,0,0,0
N20000367,593,0,0,4,0
N20000368,640,1,6,7,14
N20000369,649,0,1,7,1
N20000370,399,12,0,4,0
N20000371,582,12,10,2,3
N20000372,622,10,11,8,1
N20000373,554,2,15,9,0
N20000374,349,4,15,0,0
N20000375,271,12,30,6,6
N20000376,236,7,25,5,3
N20000377,401,25,33,12,2
N20000378,379,12,0,17,1
N20000379,551,17,57,27,5
N20000380,380,4,0,3,0
N20000381,487,15,56,11,8
N20000382,400,46,100,27,19
N20000383,651,2,0,2,0
N20000384,610,21,14,5,0
N20000385,324,1,8,6,3
N20000386,333,20,64,15,5
N20000387,286,2,1,3,1
N20000388,369,3,6,0,5
N20000389,675,6,5,14,1
N20000390,409,3,8,9,8
N20000391,250,0,15,5,5
N20000392,516,13,0,7,0
N20000393,371,26,42,10,11
N20000394,299,7,0,3,1
N20000395,337,51,112,27,15
N20000396,396,7,18,3,6
N20000397,688,22,1,3,1
N20000398,368,24,61,5,1
N20000399,405,5,21,7,4
N20000400,282,49,87,22,18
N20000401,631,2,0,0,2
N20000402,752,17,5,10,3
N20000403,315,24,99,14,9
N20000404,607,4,11,7,0
N20000405,459,1,12,22,0
N20000406,292,0,2,0,0
N20000407,392,5,0,5,1
N20000408,316,1,1,0,3
N20000409,236,0,0,0,2
N20000410,329,2,17,3,0
N20000411,459,14,36,16,1
N20000412,505,6,8,5,1
N20000413,678,16,3,9,1
N20000414,463,3,0,3,3
N20000415,445,0,0,0,0
N20000416,634,2,0,4,0
N20000417,569,8,0,2,0
N20000418,708,5,0,0,1
N20000419,477,1,0,5,1
N20000420,471,1,0,1,0
N20000421,710,0,0,1,0
N20000422,793,0,1,2,0
N20000423,771,6,0,1,0
N20000424,789,1,2,0,2
N20000425,311,1,0,5,1
N20000426,550,0,0,0,0
N20000427,581,7,1,2,1
N20000428,839,5,2,6,2
N20000429,362,1,0,2,3
N20000430,440,3,8,3,0
N20000431,500,6,2,5,7
N20000432,555,1,7,5,6
N20000433,642,52,11,14,0
N20000434,507,17,26,7,56
N20000435,660,21,9,7,2
N20000436,455,12,7,5,2
N20000437,351,7,9,0,1
N20000438,324,32,3,0,4
N20000439,418,2,3,2,32
N20000440,371,2,22,7,4
N20000441,419,2,13,2,12
N20000442,444,6,9,0,12
N20000443,408,25,1,8,1
N20000444,351,16,31,8,2
N20000445,460,12,12,14,22
N20000446,599,52,7,9,0
N20000447,467,22,11,19,0
N20000448,566,3,0,4,9
N20000449,380,7,7,6,10
N20000450,283,16,7,7,0
N20000451,657,54,5,7,0
N20000452,404,15,0,3,0
N20000453,570,8,2,18,3
N20000454,314,5,0,1,2
N20000455,435,16,4,2,0
N20000456,380,35,1,6,0
N20000457,546,48,15,8,2
N20000458,393,8,1,1,1
N20000459,395,10,7,4,1
N20000460,620,68,2,19,0
N20000461,604,43,0,7,2
N20000462,466,14,3,6,0
N20000463,401,6,0,6,2
N20000464,485,32,3,3,0
N20000465,241,0,0,0,0
N20000466,486,3,11,4,0
N20000467,468,16,1,0,0
N20000468,438,12,3,7,0
N20000469,561,7,1,3,1
N20000470,438,20,0,7,1
N20000471,591,36,0,4,0
N20000472,559,40,1,9,2
N20000473,444,17,1,3,0
N20000474,702,21,0,1,1
N20000475,633,12,0,3,0
N20000476,568,1,0,0,0
N20000477,562,3,1,0,0
N20000478,605,2,0,9,2
N20000479,379,0,0,3,0
N20000480,473,0,0,0,5
N20000481,661,0,0,0,0
N20000482,771,1,1,4,0
N20000483,678,0,0,4,0
N20000484,550,0,0,1,1
N20000485,632,0,0,0,0
N20000486,572,0,1,0,1
N20000487,540,0,0,0,0
N20000488,538,3,0,2,1
N20000489,440,1,0,1,0
N20000490,773,0,1,9,1
N20000491,429,5,0,3,0
N20000492,522,6,1,1,0
N20000493,587,0,3,0,0
N20000494,600,5,0,10,0
N20000495,646,0,0,4,0
N20000496,648,2,4,7,8
N20000497,459,1,3,4,0
N20000498,419,16,5,10,41
N20000499,554,0,0,0,2
N20000500,361,18,3,7,9
N20000501,543,3,0,2,0
N20000502,443,1,0,4,0
N20000503,405,0,1,0,1
N20000504,302,9,9,7,29
N20000505,325,12,2,2,4
N20000506,439,13,16,14,21
N20000507,644,4,5,6,1
N20000508,373,2,1,8,4
N20000509,315,12,1,1,5
N20000510,592,25,0,1,1
N20000511,529,0,0,6,0
N20000512,450,24,8,6,26
N20000513,371,1,6,4,2
N20000514,452,18,10,7,0
N20000515,499,4,5,15,1
N20000516,457,7,0,1,8
N20000517,483,6,0,4,0
N20000518,448,9,0,3,0
N20000519,280,17,4,6,8
N20000520,655,18,0,5,0
N20000521,655,4,5,1,10
N20000522,478,1,1,9,9
N20000523,418,10,6,4,12
N20000524,485,24,0,3,11
N20000525,389,11,5,5,0
N20000526,319,6,0,4,11
N20000527,477,24,7,5,14
N20000528,401,11,0,5,0
N20000529,445,12,0,0,2
N20000530,465,3,0,8,2
N20000531,400,0,1,5,3
N20000532,256,0,0,1,3
N20000533,324,5,1,7,0
N20000534,378,3,1,7,0
N20000535,460,9,5,8,0
N20000536,820,11,8,7,5
N20000537,474,16,5,1,1
N20000538,649,4,7,23,6
N20000539,429,2,0,0,1
N20000540,433,4,4,7,5
N20000541,486,0,0,0,0
N20000542,481,8,0,4,1
N20000543,500,0,0,5,2
N20000544,530,5,0,5,0
N20000545,443,2,0,5,0
N20000546,294,1,1,1,0
N20000547,537,4,3,4,0
N20000548,473,4,0,5,6
N20000549,620,6,2,4,6
N20000550,484,9,0,6,0
N20000551,613,3,0,6,2
N20000552,614,4,0,4,2
N20000553,699,4,0,6,2
N20000554,474,0,1,0,2
N20000555,507,2,0,4,0
N20000556,316,4,0,0,1
N20000557,424,13,0,3,0
N20000558,708,4,0,3,0
N20000559,451,11,0,0,0
N20000560,321,1,0,0,0
N20000561,771,1,1,2,1
N20000562,435,0,0,0,0
N20000563,687,5,1,7,1
N20000564,552,1,1,5,1
N20000565,558,0,4,10,0
N20000566,490,0,1,4,3
N20000567,681,1,0,2,0
N20000568,531,1,0,3,0
N20000569,678,2,0,3,1
N20000570,423,6,0,5,0
N20000571,610,4,4,1,0
N20000572,726,7,0,0,0
N20000573,712,5,0,6,3
N20000574,713,8,0,6,0
N20000575,587,0,1,4,2
N20000576,597,0,0,0,0
N20000577,483,1,0,3,1
N20000578,599,2,0,2,0
N20000579,604,1,0,3,0
N20000580,782,2,2,8,1
N20000581,415,0,0,6,0
N20000582,637,2,0,11,0
N20000583,517,0,0,0,0
N20000584,664,0,4,9,8
N20000585,469,1,0,5,4
N20000586,546,0,0,0,0
N20000587,734,8,0,0,4
N20000588,553,2,0,1,0
N20000589,453,2,0,0,2
N20000590,450,0,1,2,1
N20000591,448,0,2,1,0
N20000592,653,1,0,0,0
N20000593,606,0,0,2,0
N20000594,408,1,0,0,0
N20000595,602,3,1,6,3
N20000596,453,0,1,0,0
N20000597,327,2,0,2,5
N20000598,478,1,6,1,10
N20000599,482,1,0,7,1
N20000600,541,1,0,0,0
N20000601,431,2,5,6,0
N20000602,465,3,0,5,0
N20000603,594,11,0,0,0
N20000604,297,3,0,2,0
N20000605,391,0,0,0,0
N20000606,399,0,1,0,0
N20000607,298,0,3,3,1
N20000608,432,5,0,12,0
N20000609,616,15,0,1,0
N20000610,524,6,6,6,0
N20000611,402,4,2,2,1
N20000612,433,18,0,1,3
N20000613,322,1,2,1,2
N20000614,782,0,0,1,0
N20000615,372,10,5,6,19
N20000616,327,9,5,0,2
N20000617,326,2,1,1,0
N20000618,397,13,2,1,7
N20000619,378,0,2,0,10
N20000620,587,9,7,3,6
N20000621,797,0,0,8,0
N20000622,459,1,0,0,0
N20000623,510,5,1,8,6
N20000624,277,16,0,5,0
N20000625,479,17,3,8,21
N20000626,459,3,1,1,0
N20000627,519,3,0,2,0
N20000628,451,10,0,2,2
N20000629,474,0,0,0,0
N20000630,384,13,0,5,0
N20000631,366,8,0,3,0
N20000632,423,1,2,4,0
N20000633,396,1,6,3,0
N20000634,386,4,2,3,0
N20000635,634,6,2,5,0
N20000636,557,3,1,5,3
N20000637,561,9,0,4,0
N20000638,475,6,0,0,0
N20000639,526,0,0,4,0
N20000640,717,1,0,3,0
N20000641,706,15,0,6,1
N20000642,412,1,0,7,0
N20000643,521,1,0,3,1
N20000644,385,0,1,3,0
N20000645,652,1,0,4,0
N20000646,549,4,0,4,0
N20000647,522,0,0,1,0
N20000648,601,1,1,2,0
N20000649,766,6,2,3,0
N20000650,383,1,3,2,1
N20000651,756,2,0,4,0
N20000652,574,0,1,4,1
N20000653,687,0,1,0,0
N20000654,469,1,6,5,1
N20000655,433,0,0,2,1
N20000656,302,0,0,0,0
N20000657,663,0,0,3,0
N20000658,504,1,0,0,0
N20000659,413,4,0,0,1
N20000660,557,8,11,1,0
N20000661,551,9,1,3,0
N20000662,459,1,0,0,2
N20000663,458,0,7,4,0
N20000664,605,4,0,1,1
N20000665,484,2,0,3,0
N20000666,424,5,0,3,0
N20000667,346,2,0,0,0
N20000668,215,0,3,4,0
N20000669,463,1,1,3,0
N20000670,474,0,4,7,0
N20000671,661,6,0,6,0
N20000672,325,2,1,0,0
N20000673,590,2,0,0,1
N20000674,537,1,0,5,3
N20000675,570,2,4,2,0
N20000676,668,0,0,7,0
N20000677,343,0,0,4,1
N20000678,601,4,1,1,0
N20000679,765,2,0,4,0
N20000680,448,2,0,4,0
N20000681,655,0,0,6,0
N20000682,478,2,5,10,0
N20000683,419,0,0,3,0
N20000684,369,6,2,0,3
N20000685,773,1,0,0,1
N20000686,415,1,0,1,0
N20000687,496,7,0,2,1
N20000688,656,0,3,4,5
N20000689,691,1,0,12,0
N20000690,593,6,0,1,1
N20000691,533,1,0,0,0
N20000692,835,5,0,5,0
N20000693,473,0,1,2,0
N20000694,708,1,1,4,1
N20000695,694,6,0,4,0
N20000696,414,2,0,7,0
N20000697,620,5,1,6,3
N20000698,247,0,0,1,0
N20000699,559,0,2,0,1
N20000700,586,2,2,8,2
N20000701,747,0,0,1,0
N20000702,500,0,0,0,1
N20000703,613,0,0,0,1
N20000704,394,1,0,4,0
N20000705,439,6,0,5,6
N20000706,764,1,0,1,1
N20000707,535,0,0,1,1
N20000708,564,0,0,0,1
N20000709,734,1,1,0,0
N20000710,867,6,0,1,0
N20000711,733,24,3,5,0
N20000712,429,30,6,9,1
N20000713,542,24,7,10,0
N20000714,247,0,0,0,1
N20000715,559,7,5,9,1
N20000716,586,26,1,12,1
N20000717,580,3,4,5,0
N20000718,442,1,4,0,2
N20000719,510,4,3,7,2
N20000720,367,15,1,5,1
N20000721,318,36,0,4,2
N20000722,393,11,0,8,1
N20000723,538,18,7,6,1
N20000724,415,14,5,11,1
N20000725,349,12,8,1,2
N20000726,509,14,7,5,1
N20000727,381,6,0,3,0
N20000728,413,12,1,1,0
N20000729,348,8,1,2,0
N20000730,663,19,13,7,0
N20000731,516,183,7,13,9
N20000732,508,7,0,0,1
N20000733,579,4,0,3,5
N20000734,346,10,0,1,1
N20000735,515,3,0,0,0
N20000736,385,8,12,7,15
N20000737,460,18,9,3,1
N20000738,421,19,22,5,1
N20000739,304,0,0,5,0
N20000740,435,0,0,0,2
N20000741,431,6,6,4,1
N20000742,358,10,12,8,1
N20000743,427,12,4,6,0
N20000744,473,7,1,7,6
N20000745,340,22,21,7,11
N20000746,646,8,6,8,5
N20000747,356,3,17,10,2
N20000748,655,5,15,7,5
N20000749,593,10,27,17,1
N20000750,507,5,11,5,2
N20000751,411,4,9,0,3
N20000752,386,0,4,3,0
N20000753,479,8,0,3,0
N20000754,204,4,5,6,1
N20000755,491,2,1,2,6
N20000756,430,6,17,7,2
N20000757,380,15,32,10,5
N20000758,552,5,0,0,5
N20000759,344,15,56,11,3
N20000760,401,1,9,3,0
N20000761,521,0,0,7,1
N20000762,368,2,2,0,5
N20000763,364,3,3,3,0
N20000764,334,13,37,2,9
N20000765,359,2,0,6,3
N20000766,285,0,33,3,4
N20000767,553,0,3,6,1
N20000768,479,1,0,1,3
N20000769,419,13,34,8,10
N20000770,553,14,6,5,0
N20000771,389,2,5,8,13
N20000772,195,12,14,0,0
N20000773,413,1,9,5,0
N20000774,212,2,9,2,1
N20000775,425,3,5,6,2
N20000776,491,7,23,6,8
N20000777,217,0,2,3,3
N20000778,240,0,3,10,1
N20000779,316,10,10,8,1
N20000780,154,2,7,0,0
N20000781,409,9,0,1,0
N20000782,392,1,8,0,0
N20000783,534,9,21,13,4
N20000784,369,5,6,2,1
N20000785,462,0,0,7,1
N20000786,246,5,20,3,2
N20000787,505,0,8,4,0
N20000788,723,2,6,3,1
N20000789,438,5,0,7,0
N20000790,443,13,5,11,0
N20000791,480,16,1,5,2
N20000792,431,2,0,5,0
N20000793,507,7,1,10,0
N20000794,551,6,7,5,1
N20000795,615,25,0,5,5
N20000796,709,2,0,3,0
N20000797,506,8,4,13,0
N20000798,471,18,5,3,1
N20000799,555,3,1,3,0
N20000800,562,12,7,13,2
N20000801,488,8,3,0,1
N20000802,512,14,0,0,0
N20000803,531,0,3,3,7
N20000804,339,2,2,0,1
N20000805,555,7,7,3,0
N20000806,466,5,0,5,0
N20000807,594,8,0,1,1
N20000808,513,8,0,0,0
N20000809,540,17,0,1,1
N20000810,415,5,1,5,3
N20000811,614,26,2,1,1
N20000812,308,5,0,5,0
N20000813,246,0,1,0,0
N20000814,331,0,0,6,1
N20000815,364,5,0,0,3
N20000816,604,6,0,2,0
N20000817,720,13,1,2,11
N20000818,413,16,4,7,2
N20000819,348,1,6,1,0
N20000820,426,10,0,6,0
N20000821,282,12,7,14,3
N20000822,231,3,4,5,1
N20000823,492,1,4,4,0
N20000824,599,7,20,7,3
N20000825,282,21,9,7,1
N20000826,278,22,0,7,1
N20000827,502,0,0,12,2
N20000828,310,18,4,7,1
N20000829,273,28,18,1,5
N20000830,352,13,0,9,2
N20000831,481,30,4,5,3
N20000832,285,7,11,5,1
N20000833,488,17,10,5,1
N20000834,321,7,9,4,0
N20000835,667,25,20,3,6
N20000836,439,25,18,8,6
N20000837,528,31,14,0,0
N20000838,426,11,12,14,0
N20000839,346,9,1,2,1
N20000840,342,13,4,12,9
N20000841,784,64,23,11,6
N20000842,269,27,14,9,1
N20000843,302,8,14,4,16
N20000844,500,12,0,7,1
N20000845,304,13,11,2,14
N20000846,393,4,13,3,0
N20000847,268,14,17,4,10
N20000848,459,4,2,6,6
N20000849,498,18,45,10,3
N20000850,257,2,14,5,4
N20000851,453,2,8,4,0
N20000852,401,0,30,9,0
N20000853,481,9,39,3,0
N20000854,207,102,6,9,6
N20000855,1145,283,30,26,13
N20000856,432,2,7,1,1
N20000857,371,176,3,13,5
N20000858,414,6,5,3,4
N20000859,352,11,3,8,1
N20000860,478,8,0,4,1
N20000861,399,6,2,2,3
N20000862,450,9,4,7,0
N20000863,312,2,0,5,0
N20000864,187,1,0,1,3
N20000865,372,9,0,13,1
N20000866,349,27,8,16,0
N20000867,363,3,3,24,0
N20000868,335,1,6,32,1
N20000869,370,6,0,12,0
N20000870,400,7,0,0,0
N20000871,386,7,3,6,0
N20000872,424,14,3,12,8
N20000873,317,0,5,6,0
N20000874,304,0,5,3,0
N20000875,439,12,1,4,1
N20000876,239,8,0,8,1
N20000877,500,13,6,7,2
N20000878,304,33,6,5,1
N20000879,253,7,0,5,0
N20000880,398,10,0,8,3
N20000881,437,22,3,5,0
N20000882,263,217,3,13,5
N20000883,351,16,6,0,0
N20000884,278,3,12,9,2
N20000885,359,15,3,12,0
N20000886,443,2,1,9,0
N20000887,624,4,3,4,2
N20000888,472,32,3,11,5
N20000889,275,0,0,5,0
N20000890,454,19,1,4,1
N20000891,330,17,12,12,0
N20000892,485,4,24,4,6
N20000893,469,20,13,12,3
N20000894,537,6,4,0,1
N20000895,212,9,1,6,5
N20000896,699,11,9,10,0
N20000897,402,4,0,0,5
N20000898,251,4,7,7,1
N20000899,384,6,22,25,7
N20000900,328,4,13,13,0
N20000901,333,12,2,4,6
N20000902,592,13,0,0,1
N20000903,412,4,8,4,0
N20000904,480,14,9,10,2
N20000905,358,29,10,10,1
N20000906,202,1,6,7,0
N20000907,361,8,20,11,3
N20000908,359,33,12,20,6
N20000909,688,1,0,4,0
N20000910,360,12,4,6,3
N20000911,262,4,6,3,1
N20000912,306,8,19,10,5
N20000913,293,0,13,10,3
N20000914,315,3,8,13,3
N20000915,270,2,1,5,0
N20000916,353,26,20,3,0
N20000917,415,7,2,7,4
N20000918,310,8,15,1,0
N20000919,404,5,2,9,1
N20000920,308,10,5,3,0
N20000921,298,1,5,5,0
N20000922,385,12,17,3,2
N20000923,348,6,0,11,7
N20000924,383,37,40,7,19
N20000925,207,15,11,5,0
N20000926,306,9,4,0,2
N20000927,554,9,14,8,0
N20000928,274,1,21,8,0
N20000929,305,8,1,5,1
N20000930,223,3,1,8,2
N20000931,441,18,29,14,7
N20000932,329,7,13,0,3
N20000933,371,9,11,4,3
N20000934,429,5,23,13,17
N20000935,445,1,2,0,0
N20000936,474,15,20,10,0
N20000937,447,15,5,4,0
N20000938,280,16,0,6,4
N20000939,325,4,10,9,1
N20000940,290,18,10,6,0
N20000941,595,14,0,18,2
N20000942,381,10,29,7,1
N20000943,310,15,18,3,21
N20000944,320,24,16,2,1
N20000945,360,18,4,3,0
N20000946,304,5,3,6,4
N20000947,353,16,0,5,0
N20000948,371,2,7,1,1
N20000949,562,7,5,5,0
N20000950,426,48,0,11,0
N20000951,284,0,1,2,0
N20000952,431,0,0,5,3
N20000953,564,5,0,4,0
N20000954,331,3,1,1,0
N20000955,394,0,0,0,0
N20000956,799,21,0,8,0
N20000957,428,7,5,3,0
N20000958,652,12,0,0,2
N20000959,496,2,0,0,0
N20000960,516,11,0,11,0
N20000961,448,3,2,1,0
N20000962,647,8,0,2,1
N20000963,322,7,1,3,1
N20000964,381,4,2,0,2
N20000965,502,14,1,8,4
N20000966,388,20,3,10,3
N20000967,404,71,6,5,9
N20000968,512,18,1,0,1
N20000969,568,14,0,12,1
N20000970,499,5,0,14,1
N20000971,520,8,1,7,0
N20000972,183,17,2,0,1
N20000973,312,10,7,0,0
N20000974,435,0,0,1,1
N20000975,573,19,0,3,0
N20000976,446,33,5,11,4
N20000977,391,29,1,2,1
N20000978,354,12,0,8,0
N20000979,514,15,0,7,0
N20000980,485,35,3,0,0
N20000981,470,1,0,6,0
N20000982,604,4,0,10,3
N20000983,581,9,2,4,1
N20000984,536,16,1,4,0
N20000985,275,5,0,6,0
N20000986,327,1,2,0,0
N20000987,473,12,0,6,1
N20000988,686,0,7,6,1
N20000989,430,8,1,0,0
N20000990,372,0,3,5,1
N20000991,349,0,5,0,1
N20000992,395,0,0,0,0
N20000993,530,10,1,4,0
N20000994,548,18,0,4,0
N20000995,753,14,0,13,0
N20000996,422,8,1,1,0
N20000997,641,3,2,13,2
N20000998,360,0,0,9,0
N20000999,267,5,1,0,0
N20001000,350,3,1,5,0
N20001001,459,1,1,4,0
N20001002,258,0,4,0,0
N20001003,331,0,0,0,6
N20001004,455,1,0,2,2
N20001005,536,1,0,0,0
N20001006,646,0,0,4,3
N20001007,756,5,4,4,0
N20001008,551,0,2,11,0
N20001009,418,8,1,3,0
N20001010,432,3,0,4,0
N20001011,561,0,0,7,0
N20001012,286,0,0,5,0
N20001013,538,5,0,5,0
N20001014,495,4,0,0,3
N20001015,593,7,7,5,0
N20001016,610,32,0,6,7
N20001017,313,0,3,4,0
N20001018,235,3,8,4,0
N20001019,492,3,2,5,7
N20001020,627,3,0,4,0
N20001021,426,8,3,18,0
N20001022,430,8,0,17,1
N20001023,415,15,10,7,1
N20001024,553,10,2,9,4
N20001025,260,5,1,0,0
N20001026,378,5,15,12,2
N20001027,330,16,7,6,5
N20001028,519,1,4,9,4
N20001029,327,2,3,0,5
N20001030,337,7,0,4,0
N20001031,315,7,1,3,0
N20001032,297,4,4,5,8
N20001033,519,12,2,10,1
N20001034,545,14,0,1,0
N20001035,556,6,1,5,0
N20001036,397,1,0,6,0
N20001037,460,6,0,0,0
N20001038,515,18,3,9,0
N20001039,542,11,0,9,0
N20001040,613,3,0,4,0
N20001041,548,11,0,3,0
N20001042,472,4,0,0,1
N20001043,255,1,5,3,1
N20001044,392,2,8,3,6
N20001045,366,17,0,4,0
N20001046,747,20,7,7,0
N20001047,532,13,0,9,0
N20001048,294,10,0,0,0
N20001049,355,4,1,0,0
N20001050,539,33,4,8,0
N20001051,416,15,5,4,0
N20001052,408,11,0,10,0
N20001053,713,15,6,15,0
N20001054,463,11,0,6,3
N20001055,302,1,2,0,0
N20001056,590,13,0,10,0
N20001057,325,1,0,7,0
N20001058,541,5,1,7,0
N20001059,391,41,9,8,1
N20001060,412,15,0,10,0
N20001061,472,40,47,11,6
N20001062,281,5,0,3,0
N20001063,608,9,0,16,0
N20001064,268,37,13,10,0
N20001065,527,12,0,0,6
N20001066,516,84,7,15,1
N20001067,348,14,0,0,1
N20001068,459,3,0,0,0
N20001069,446,12,0,3,4
N20001070,592,54,5,17,0
N20001071,383,6,1,4,0
N20001072,511,10,1,6,1
N20001073,539,4,0,5,0
N20001074,431,7,1,3,4
N20001075,454,1,3,4,1
N20001076,591,4,4,12,0
N20001077,604,14,0,9,5
N20001078,277,7,1,1,1
N20001079,244,103,1,4,1
N20001080,664,742,22,22,17
N20001081,306,49,7,9,4
N20001082,385,5,5,8,1
N20001083,434,15,0,0,0
N20001084,462,292,7,13,4
N20001085,216,319,8,6,6
N20001086,340,46,10,1,2
N20001087,456,410,9,20,6
N20001088,266,195,7,0,4
N20001089,215,2,2,6,1
N20001090,347,235,35,3,6
N20001091,269,88,21,2,1
N20001092,444,22,2,7,0
N20001093,386,3,11,1,0
N20001094,352,10,16,1,0
N20001095,507,18,9,4,3
N20001096,409,17,23,1,3
N20001097,241,45,11,7,11
N20001098,328,16,14,8,6
N20001099,227,73,14,11,7
N20001100,327,50,14,4,3
N20001101,432,57,5,8,0
N20001102,259,26,10,5,0
N20001103,343,125,15,13,8
N20001104,430,31,16,0,4
N20001105,274,36,12,4,6
N20001106,406,55,33,9,6
N20001107,345,53,11,7,7
N20001108,142,64,5,3,4
N20001109,495,9,22,15,13
N20001110,246,21,13,4,1
N20001111,324,23,24,4,4
N20001112,347,137,8,11,10
N20001113,415,44,15,2,2
N20001114,357,31,29,10,0
N20001115,496,68,16,18,21
N20001116,302,24,7,2,3
N20001117,279,14,19,8,1
N20001118,414,24,11,8,26
N20001119,360,20,16,10,5
N20001120,510,52,15,13,3
N20001121,613,8,1,0,9
N20001122,175,61,6,6,2
N20001123,331,86,7,15,3
N20001124,508,86,8,13,3
N20001125,230,64,20,11,8
N20001126,488,92,51,7,15
N20001127,442,30,31,18,12
N20001128,195,23,31,0,5
N20001129,337,38,30,6,12
N20001130,463,32,26,5,12
N20001131,474,59,18,7,40
N20001132,397,74,19,13,4
N20001133,615,114,33,13,6
N20001134,498,28,28,7,19
N20001135,503,72,17,19,5
N20001136,416,50,11,10,0
N20001137,388,56,22,6,3
N20001138,383,42,27,12,1
N20001139,517,86,15,23,4
N20001140,457,73,17,8,1
N20001141,273,11,27,4,3
N20001142,518,67,12,16,5
N20001143,436,73,21,15,1
N20001144,430,70,8,13,3
N20001145,210,5,0,6,0
N20001146,263,5,0,3,2
N20001147,267,97,33,19,0
N20001148,357,33,4,25,8
N20001149,541,36,29,13,23
N20001150,342,24,18,7,0
N20001151,487,31,14,10,1
N20001152,291,34,9,6,4
N20001153,596,23,6,13,0
N20001154,237,36,22,7,5
N20001155,389,19,12,4,11
N20001156,549,105,8,15,0
N20001157,362,23,10,11,3
N20001158,394,11,23,5,1
N20001159,382,15,16,18,6
N20001160,303,3,8,7,0
N20001161,379,17,9,5,1
N20001162,1646,430,27,40,6
N20001163,260,41,5,18,3
N20001164,488,20,4,11,0
N20001165,436,15,12,15,0
N20001166,527,7,8,10,0
N20001167,647,7,1,12,3
N20001168,435,37,6,21,0
N20001169,509,9,1,4,3
N20001170,427,29,1,5,2
N20001171,274,15,0,1,3
N20001172,941,41,12,20,1
N20001173,369,40,1,7,1
N20001174,539,20,1,13,0
N20001175,292,47,0,6,0
N20001176,419,16,0,1,1
N20001177,460,10,2,10,2
N20001178,471,57,0,14,0
N20001179,230,25,0,5,8
N20001180,272,7,1,8,0
N20001181,262,11,6,0,1
N20001182,441,8,4,13,3
N20001183,434,8,5,6,0
N20001184,698,29,4,8,4
N20001185,485,17,3,1,1
N20001186,500,29,3,2,1
N20001187,247,2,3,0,2
N20001188,330,4,3,5,6
N20001189,424,8,0,2,1
N20001190,491,5,1,1,0
N20001191,418,7,0,3,3
N20001192,513,2,1,4,0
N20001193,330,17,0,3,2
N20001194,321,1,5,17,0
N20001195,657,17,0,0,2
N20001196,387,12,0,4,1
N20001197,428,4,0,4,0
N20001198,481,10,4,1,0
N20001199,498,34,6,3,1
N20001200,443,0,1,9,5
N20001201,433,20,5,10,3
N20001202,381,5,3,3,1
N20001203,344,82,31,4,6
N20001204,471,3,0,4,1
N20001205,303,49,4,6,2
N20001206,134,13,4,0,2
N20001207,314,5,5,0,0
N20001208,550,3,0,5,1
N20001209,373,5,0,15,3
N20001210,392,76,7,14,4
N20001211,421,22,9,8,4
N20001212,280,0,0,0,0
N20001213,296,37,1,10,0
N20001214,394,16,7,6,5
N20001215,589,44,1,22,0
N20001216,249,33,3,4,1
N20001217,519,30,4,9,0
N20001218,349,18,0,4,0
N20001219,385,32,0,7,1
N20001220,416,91,16,12,0
N20001221,345,82,0,11,5
N20001222,342,15,19,5,1
N20001223,589,9,15,8,0
N20001224,381,5,0,5,1
N20001225,210,10,4,13,0
N20001226,413,7,0,0,2
N20001227,264,2,0,3,2
N20001228,347,7,3,4,0
N20001229,395,6,10,8,0
N20001230,577,42,1,5,0
N20001231,517,20,6,9,1
N20001232,589,10,8,0,1
N20001233,452,32,3,5,0
N20001234,440,7,3,17,1
N20001235,313,3,0,4,0
N20001236,690,7,2,5,0
N20001237,430,0,1,2,0
N20001238,266,0,0,1,1
N20001239,658,0,0,6,6
N20001240,516,7,0,8,1
N20001241,601,3,0,10,0
N20001242,716,1,1,11,1
N20001243,709,5,0,4,0
N20001244,789,4,0,0,1
N20001245,437,1,0,2,0
N20001246,709,9,5,0,0
N20001247,467,6,0,5,1
N20001248,455,0,4,2,5
N20001249,599,24,12,9,3
N20001250,397,9,1,0,0
N20001251,682,11,1,1,0
N20001252,525,9,8,5,0
N20001253,719,15,0,3,0
N20001254,633,11,2,8,0
N20001255,724,15,0,3,10
N20001256,474,5,2,0,1
N20001257,584,6,0,7,0
N20001258,973,1,1,4,1
N20001259,705,5,6,4,1
N20001260,475,23,4,2,1
N20001261,843,4,0,5,4
N20001262,438,8,0,1,1
N20001263,582,0,4,9,3
N20001264,805,7,5,6,0
N20001265,501,6,0,6,1
N20001266,589,0,3,4,8
N20001267,561,9,0,5,0
N20001268,604,1,1,6,11
N20001269,491,3,10,7,5
N20001270,343,2,0,1,0
N20001271,438,5,0,6,0
N20001272,642,2,3,0,1
N20001273,382,1,0,5,0
N20001274,378,5,0,7,1
N20001275,371,8,8,7,0
N20001276,479,1,2,5,7
N20001277,737,0,0,0,1
N20001278,546,6,0,1,1
N20001279,600,6,2,0,0
N20001280,301,3,2,4,1
N20001281,304,1,3,5,2
N20001282,501,0,0,14,0
N20001283,346,2,2,8,0
N20001284,641,2,2,0,0
N20001285,330,5,0,0,0
N20001286,299,0,1,8,0
N20001287,401,6,0,1,0
N20001288,510,4,0,3,0
N20001289,373,15,7,4,0
N20001290,1120,4,6,1,0
N20001291,569,1,0,3,4
N20001292,507,50,1,11,0
N20001293,365,1,0,0,2
N20001294,203,24,0,6,0
N20001295,336,1,0,2,1
N20001296,354,34,5,7,1
N20001297,465,5,5,5,0
N20001298,637,9,2,1,0
N20001299,484,0,7,4,1
N20001300,614,5,6,1,8
N20001301,724,1,7,4,0
N20001302,497,0,0,0,0
N20001303,436,20,25,7,0
N20001304,511,15,0,11,5
N20001305,528,6,0,3,5
N20001306,287,2,0,2,0
N20001307,447,44,81,14,0
N20001308,801,7,1,0,39
N20001309,888,2,0,1,5
N20001310,599,6,6,3,0
N20001311,342,22,15,7,7
N20001312,347,34,22,4,7
N20001313,524,1,1,9,0
N20001314,625,6,12,6,3
N20001315,384,52,29,5,0
N20001316,515,9,0,3,0
N20001317,510,5,0,0,1
N20001318,460,11,4,0,0
N20001319,316,5,15,4,0
N20001320,468,0,0,0,0
N20001321,550,25,0,13,3
N20001322,419,18,13,4,1
N20001323,338,0,7,2,0
N20001324,480,17,12,4,3
N20001325,741,2,5,10,0
N20001326,645,15,4,5,0
N20001327,431,0,0,3,0
N20001328,561,23,13,11,1
N20001329,288,10,3,1,0
N20001330,397,9,3,1,0
N20001331,483,9,5,6,0
N20001332,468,0,7,9,1
N20001333,434,7,3,4,0
N20001334,697,6,0,0,0
N20001335,261,48,1,6,0
N20001336,233,7,8,0,3
N20001337,411,1,4,1,1
N20001338,331,3,1,0,38
N20001339,673,4,0,6,0
N20001340,417,2,12,3,3
N20001341,315,1,0,3,2
N20001342,566,11,0,0,2
N20001343,429,0,0,2,1
N20001344,315,2,0,5,0
N20001345,466,6,4,6,1
N20001346,509,1,0,0,0
N20001347,310,1,0,1,1
N20001348,446,11,0,3,0
N20001349,407,2,0,0,0
N20001350,434,2,0,1,0
N20001351,623,3,5,0,0
N20001352,515,0,2,4,14
N20001353,288,0,0,0,1
N20001354,423,3,1,3,0
N20001355,474,1,0,0,1
N20001356,659,3,0,4,1
N20001357,405,1,0,4,1
N20001358,567,18,0,0,0
N20001359,556,0,0,0,0
N20001360,412,1,6,8,0
N20001361,530,5,5,1,0
N20001362,496,2,0,0,1
N20001363,619,1,2,3,0
N20001364,589,0,2,2,0
N20001365,462,10,3,2,7
N20001366,410,1,0,0,0
N20001367,395,4,0,4,0
N20001368,250,0,0,0,2
N20001369,464,0,4,7,0
N20001370,512,4,4,3,1
N20001371,454,0,0,4,4
N20001372,331,0,4,1,0
N20001373,578,5,5,0,0
N20001374,472,1,1,2,1
N20001375,560,7,10,5,1
N20001376,206,1,1,0,1
N20001377,379,1,4,2,0
N20001378,525,26,4,2,0
N20001379,448,19,13,11,0
N20001380,642,1,4,0,0
N20001381,730,0,5,7,1
N20001382,406,3,7,8,0
N20001383,537,11,25,13,0
N20001384,574,8,8,1,2
N20001385,349,5,1,8,3
N20001386,381,8,0,6,0
N20001387,418,1,0,0,1
N20001388,497,0,1,0,1
N20001389,529,10,14,9,0
N20001390,596,0,0,5,1
N20001391,433,9,2,1,1
N20001392,381,23,0,4,0
N20001393,200,6,4,0,0
N20001394,312,5,19,4,4
N20001395,290,1,1,0,1
N20001396,423,1,1,5,1
N20001397,436,8,12,1,0
N20001398,345,5,7,5,1
N20001399,559,2,0,0,1
N20001400,243,9,3,1,0
N20001401,649,20,10,3,3
N20001402,539,6,6,9,5
N20001403,269,7,3,0,0
N20001404,377,12,16,0,3
N20001405,513,4,4,2,0
N20001406,311,2,9,3,0
N20001407,342,3,3,0,0
N20001408,330,1,1,0,0
N20001409,221,5,0,0,0
N20001410,296,1,0,0,0
N20001411,437,5,1,0,1
N20001412,257,9,4,3,0
N20001413,553,4,5,5,0
N20001414,331,6,1,1,0
N20001415,328,0,0,1,0
N20001416,488,1,0,7,1
N20001417,368,16,0,3,1
N20001418,350,36,16,10,1
N20001419,422,1,1,2,0
N20001420,306,16,6,3,5
N20001421,405,5,18,3,19
N20001422,322,13,11,8,1
N20001423,219,2,18,2,1
N20001424,620,10,0,4,1
N20001425,187,86,4,11,0
N20001426,384,8,0,6,1
N20001427,566,42,14,0,2
N20001428,532,17,17,6,2
N20001429,555,0,3,6,0
N20001430,268,18,5,5,1
N20001431,302,0,12,0,4
N20001432,306,0,0,2,0
N20001433,418,4,0,1,0
N20001434,342,7,1,2,2
N20001435,297,31,18,0,1
N20001436,372,1,0,1,0
N20001437,406,10,3,0,0
N20001438,395,6,7,8,1
N20001439,469,50,40,5,13
N20001440,396,1,0,1,0
N20001441,437,59,18,10,2
N20001442,465,18,0,4,0
N20001443,313,42,7,0,5
N20001444,620,14,0,6,1
N20001445,311,43,28,9,4
N20001446,501,0,0,1,0
N20001447,356,5,0,8,1
N20001448,236,18,0,1,1
N20001449,454,4,6,3,0
N20001450,559,1,0,0,0
N20001451,303,0,0,3,0
N20001452,560,9,1,2,0
N20001453,465,3,0,4,0
N20001454,525,0,1,0,0
N20001455,334,0,0,0,0
N20001456,605,0,0,0,0
N20001457,476,1,0,2,0
N20001458,509,2,0,3,0
N20001459,867,5,0,0,0
N20001460,387,1,0,1,1
N20001461,531,2,0,1,0
N20001462,637,0,0,1,2
N20001463,317,1,0,4,0
N20001464,492,1,0,3,1
N20001465,571,2,0,2,0
N20001466,799,2,0,0,0
N20001467,315,0,0,0,0
N20001468,684,1,0,2,1
N20001469,663,4,0,4,2
N20001470,325,6,1,0,1
N20001471,357,1,0,0,0
N20001472,448,4,0,1,2
N20001473,636,2,0,3,3
N20001474,316,0,1,0,5
N20001475,520,0,0,0,1
N20001476,488,2,0,1,1
N20001477,647,2,0,0,0
N20001478,626,0,0,0,0
N20001479,698,0,0,5,0
N20001480,437,0,1,0,2
N20001481,1014,1,1,0,4
N20001482,706,1,1,4,0
N20001483,391,2,0,0,0
N20001484,726,1,0,5,1
N20001485,459,0,0,0,1
N20001486,406,5,0,6,0
N20001487,389,0,0,6,0
N20001488,181,7,0,2,0
N20001489,668,2,0,0,1
N20001490,334,17,0,2,1
N20001491,666,0,0,2,5
N20001492,409,5,0,3,1
N20001493,266,0,0,1,0
N20001494,446,5,0,0,0
N20001495,264,1,3,5,0
N20001496,259,1,0,0,0
N20001497,547,3,0,6,0
N20001498,469,0,1,0,3
N20001499,307,0,0,0,0
N20001500,221,0,0,0,0
N20001501,690,3,0,4,0
N20001502,431,1,4,5,3
N20001503,423,0,0,0,1
N20001504,544,6,1,5,1
N20001505,558,0,0,0,0
N20001506,462,0,0,2,0
N20001507,502,1,9,1,0
N20001508,723,4,1,2,0
N20001509,441,1,0,0,0
N20001510,519,1,0,0,0
N20001511,626,0,0,0,0
N20001512,455,0,0,1,0
N20001513,549,1,1,2,0
N20001514,714,2,0,3,0
N20001515,432,0,0,4,0
N20001516,628,2,0,5,0
N20001517,335,2,0,0,0
N20001518,828,20,0,10,0
N20001519,302,0,0,0,1
N20001520,641,5,1,2,0
N20001521,538,2,1,0,0
N20001522,343,2,0,4,0
N20001523,420,0,1,2,1
N20001524,498,8,4,7,0
N20001525,563,3,1,2,2
N20001526,468,2,0,1,0
N20001527,648,2,0,10,1
N20001528,660,0,1,0,3
N20001529,404,3,0,0,0
N20001530,735,2,5,6,0
N20001531,309,1,1,2,0
N20001532,589,2,1,0,0
N20001533,381,0,0,0,0
N20001534,420,0,0,0,1
N20001535,289,0,0,0,0
N20001536,374,1,4,0,0
N20001537,575,5,0,3,1
N20001538,549,2,0,2,0
N20001539,733,0,0,1,0
N20001540,527,5,0,5,0
N20001541,437,3,0,7,0
N20001542,877,2,0,3,0
N20001543,701,6,3,0,0
N20001544,591,0,0,0,1
N20001545,491,0,1,1,0
N20001546,337,0,0,0,0
N20001547,755,13,0,4,2
N20001548,638,61,16,9,0
N20001549,437,7,11,4,2
N20001550,465,1,4,3,0
N20001551,333,3,0,0,0
N20001552,440,2,0,2,3
N20001553,757,2,0,0,2
N20001554,482,0,0,0,1
N20001555,469,6,5,15,1
N20001556,277,20,0,0,0
N20001557,613,0,0,5,0
N20001558,538,0,0,3,0
N20001559,429,1,0,1,0
N20001560,500,5,0,3,0
N20001561,468,4,2,0,4
N20001562,325,16,12,4,1
N20001563,515,2,0,4,0
N20001564,409,0,0,1,1
N20001565,435,0,1,0,3
N20001566,307,0,0,5,0
N20001567,442,16,3,1,2
N20001568,452,3,0,3,1
N20001569,362,6,1,2,4
N20001570,447,11,0,3,5
N20001571,179,6,0,0,0
N20001572,522,13,5,8,1
N20001573,512,0,0,0,0
N20001574,591,7,0,6,3
N20001575,430,5,0,0,0
N20001576,374,14,4,2,7
N20001577,263,4,6,1,2
N20001578,293,2,3,0,1
N20001579,252,6,0,2,1
N20001580,537,6,1,1,0
N20001581,454,3,0,0,0
N20001582,454,9,0,6,1
N20001583,447,4,0,0,1
N20001584,366,1,0,0,0
N20001585,521,6,0,1,0
N20001586,417,10,0,7,0
N20001587,679,20,0,4,6
N20001588,372,5,0,0,0
N20001589,614,1,0,14,0
N20001590,463,7,0,1,1
N20001591,581,5,7,3,0
N20001592,419,1,0,2,0
N20001593,538,8,0,0,0
N20001594,511,12,0,1,3
N20001595,322,4,0,0,0
N20001596,595,11,0,1,1
N20001597,706,1,7,1,0
N20001598,318,1,1,3,1
N20001599,350,12,1,6,4
N20001600,303,0,0,0,0
N20001601,345,5,1,4,1
N20001602,344,2,0,5,2
N20001603,369,2,0,1,1
N20001604,523,2,1,11,2
N20001605,337,0,2,0,0
N20001606,246,1,0,2,0
N20001607,437,4,0,8,0
N20001608,312,1,0,4,1
N20001609,335,0,0,4,0
N20001610,524,0,0,11,0
N20001611,529,0,0,0,0
N20001612,475,3,0,2,3
N20001613,559,1,0,4,0
N20001614,474,6,1,7,1
N20001615,648,7,0,6,4
N20001616,553,2,0,3,2
N20001617,488,0,0,5,0
N20001618,495,1,0,0,0
N20001619,387,1,0,0,0
N20001620,363,0,0,0,0
N20001621,447,6,1,10,6
N20001622,432,1,0,0,2
N20001623,467,2,4,1,0
N20001624,419,0,0,4,0
N20001625,245,1,0,2,0
N20001626,449,1,6,7,0
N20001627,636,1,0,0,2
N20001628,284,0,0,2,0
N20001629,288,1,0,2,0
N20001630,435,13,3,12,0
N20001631,453,3,1,9,1
N20001632,627,0,0,4,1
N20001633,496,22,0,15,1
N20001634,616,2,0,1,1
N20001635,592,7,0,7,0
N20001636,496,0,1,9,1
N20001637,475,7,6,1,0
N20001638,634,7,0,11,0
N20001639,547,6,1,1,1
N20001640,467,1,0,3,0
N20001641,279,0,0,0,0
N20001642,491,1,0,3,0
N20001643,367,0,0,0,0
N20001644,708,0,0,5,4
N20001645,524,1,0,4,0
N20001646,288,0,0,0,0
N20001647,531,3,0,0,0
N20001648,298,1,0,0,0
N20001649,354,0,0,0,0
N20001650,357,1,0,2,0
N20001651,139,2,1,0,0
N20001652,501,2,0,1,1
N20001653,622,0,7,4,7
N20001654,245,5,0,1,1
N20001655,573,1,0,5,0
N20001656,766,4,0,8,0
N20001657,329,0,0,1,2
N20001658,564,1,2,0,0
N20001659,354,0,4,2,1
N20001660,899,3,0,3,1
N20001661,320,11,0,3,0
N20001662,456,5,1,1,0
N20001663,598,3,0,4,2
N20001664,371,1,0,4,0
N20001665,555,1,0,2,0
N20001666,513,0,1,4,2
N20001667,421,3,0,3,1
N20001668,638,0,1,0,0
N20001669,476,1,1,2,1
N20001670,364,1,0,0,0
N20001671,419,1,1,1,0
N20001672,609,0,0,5,0
N20001673,583,2,1,1,1
N20001674,629,0,2,2,0
N20001675,598,1,0,0,0
N20001676,548,0,0,1,0
N20001677,306,1,0,0,0
N20001678,583,0,0,0,0
N20001679,359,2,0,2,3
N20001680,550,5,0,3,3
N20001681,520,0,0,1,0
N20001682,372,1,0,0,2
N20001683,801,0,0,0,0
N20001684,710,1,0,12,1
N20001685,641,0,1,1,2
N20001686,625,13,1,5,0
N20001687,544,9,0,4,0
N20001688,410,0,4,6,0
N20001689,612,8,0,9,0
N20001690,350,0,0,0,0
N20001691,415,2,1,0,0
N20001692,633,2,0,3,0
N20001693,583,3,4,6,0
N20001694,296,4,1,2,0
N20001695,407,2,0,0,1
N20001696,516,8,0,1,0
N20001697,465,2,0,7,8
N20001698,426,10,0,1,1
N20001699,507,7,0,3,0
N20001700,372,3,1,0,0
N20001701,391,4,0,0,0
N20001702,779,1,0,0,0
N20001703,216,0,0,0,0
N20001704,312,0,0,0,0
N20001705,453,2,0,0,0
N20001706,471,2,0,0,1
N20001707,417,0,0,0,0
N20001708,518,2,0,0,0
N20001709,485,1,1,0,2
N20001710,732,2,0,9,0
N20001711,322,4,1,10,0
N20001712,457,0,1,2,0
N20001713,543,4,3,4,0
N20001714,413,0,1,0,0
N20001715,839,2,0,1,0
N20001716,879,2,0,2,0
N20001717,283,0,1,0,0
N20001718,305,0,2,3,0
N20001719,558,0,3,1,0
N20001720,748,0,1,2,0
N20001721,552,2,1,5,1
N20001722,774,0,1,0,0
N20001723,668,4,0,2,1
N20001724,549,0,1,4,0
N20001725,573,0,0,4,0
N20001726,602,2,2,11,0
N20001727,582,2,0,1,0
N20001728,337,3,0,1,0
N20001729,733,3,1,3,0
N20001730,289,0,0,0,0
N20001731,660,1,0,1,1
N20001732,496,9,1,0,0
N20001733,797,5,0,2,0
N20001734,480,5,1,2,0
N20001735,413,7,2,4,1
N20001736,550,3,0,11,5
N20001737,290,5,0,0,0
N20001738,439,1,0,1,1
N20001739,602,4,0,0,0
N20001740,467,5,1,0,5
N20001741,344,3,0,3,2
N20001742,509,1,0,0,0
N20001743,202,25,4,5,4
N20001744,382,2,0,3,0
N20001745,337,9,0,3,0
N20001746,339,2,0,3,1
N20001747,477,1,0,3,0
N20001748,446,4,1,2,0
N20001749,315,1,1,1,0
N20001750,206,2,1,0,0
N20001751,493,3,1,4,0
N20001752,463,0,0,0,0
N20001753,672,4,0,0,0
N20001754,280,2,0,8,1
N20001755,491,0,0,5,1
N20001756,307,8,2,4,2
N20001757,673,0,8,14,1
N20001758,436,3,0,7,0
N20001759,436,2,0,6,0
N20001760,471,1,0,0,0
N20001761,511,17,0,9,0
N20001762,881,0,1,5,2
N20001763,462,6,0,10,0
N20001764,564,6,2,7,5
N20001765,465,4,1,4,1
N20001766,360,0,0,0,3
N20001767,718,3,0,16,0
N20001768,359,0,0,2,2
N20001769,906,5,1,5,2
N20001770,572,1,0,3,4
N20001771,584,11,0,1,0
N20001772,473,7,0,0,0
N20001773,478,0,1,8,2
N20001774,594,3,0,6,1
N20001775,295,1,0,4,2
N20001776,516,2,0,2,0
N20001777,552,2,1,5,0
N20001778,520,7,1,3,0
N20001779,571,2,3,9,5
N20001780,644,0,0,3,0
N20001781,475,1,4,1,0
N20001782,619,0,1,4,0
N20001783,410,5,0,0,0
N20001784,537,8,2,6,2
N20001785,552,0,0,0,9
N20001786,549,0,4,5,0
N20001787,356,1,0,3,0
N20001788,705,0,1,0,1
N20001789,361,23,3,7,3
N20001790,701,18,5,5,1
N20001791,547,4,4,3,3
N20001792,628,1,0,0,3
N20001793,274,5,0,0,3
N20001794,306,2,4,1,0
N20001795,503,3,4,5,0
N20001796,524,2,0,2,2
N20001797,311,6,4,1,6
N20001798,242,6,2,0,1
N20001799,623,8,0,3,1
N20001800,369,2,2,10,2
N20001801,266,17,6,7,7
N20001802,247,12,1,3,2
N20001803,628,3,0,3,3
N20001804,466,5,6,5,0
N20001805,727,2,0,0,0
N20001806,747,9,2,5,0
N20001807,612,5,0,7,0
N20001808,196,2,0,0,1
N20001809,585,1,1,5,35
N20001810,594,6,0,7,3
N20001811,673,6,2,6,1
N20001812,684,9,4,2,8
N20001813,541,2,2,12,22
N20001814,582,0,0,0,0
N20001815,559,2,3,8,9
N20001816,569,0,1,0,0
N20001817,430,0,0,3,4
N20001818,389,0,0,0,17
N20001819,574,1,0,4,0
N20001820,611,10,1,2,0
N20001821,496,1,1,2,0
N20001822,521,3,0,4,0
N20001823,417,1,6,5,6
N20001824,591,9,0,5,9
N20001825,347,0,0,2,0
N20001826,445,0,0,10,1
N20001827,539,0,0,6,1
N20001828,439,0,1,1,4
N20001829,678,8,0,1,3
N20001830,544,2,0,2,0
N20001831,522,4,1,2,3
N20001832,425,5,2,3,5
N20001833,391,8,0,2,5
N20001834,545,3,0,6,0
N20001835,413,2,0,0,9
N20001836,707,0,4,4,0
N20001837,568,3,0,5,0
N20001838,502,4,2,0,2
N20001839,386,1,0,0,0
N20001840,446,0,1,1,0
N20001841,435,0,0,6,3
N20001842,439,0,2,11,0
N20001843,576,2,0,2,0
N20001844,666,5,1,1,0
N20001845,658,2,0,5,0
N20001846,319,0,0,1,0
N20001847,615,0,0,5,2
N20001848,598,2,0,8,1
N20001849,355,2,0,2,3
N20001850,588,19,0,4,0
N20001851,472,13,8,5,0
N20001852,522,4,2,3,0
N20001853,519,1,0,4,2
N20001854,486,5,1,6,5
N20001855,411,12,0,10,3
N20001856,509,0,0,2,0
N20001857,421,2,1,2,0
N20001858,445,51,4,5,0
N20001859,560,12,1,1,1
N20001860,373,7,0,0,2
N20001861,330,31,4,5,0
N20001862,384,0,0,5,0
N20001863,448,6,0,1,0
N20001864,320,3,0,0,1
N20001865,234,9,5,2,1
N20001866,350,15,1,3,0
N20001867,433,12,4,3,1
N20001868,457,2,0,3,0
N20001869,490,11,1,6,0
N20001870,245,6,0,2,2
N20001871,537,34,1,2,0
N20001872,506,100,7,7,10
N20001873,557,20,3,2,7
N20001874,379,87,2,0,1
N20001875,604,20,1,13,0
N20001876,485,16,2,0,0
N20001877,495,12,4,5,9
N20001878,403,39,2,13,7
N20001879,497,15,0,6,0
N20001880,375,7,5,0,1
N20001881,316,3,1,0,0
N20001882,371,37,4,0,4
N20001883,501,6,1,5,2
N20001884,782,137,11,9,1
N20001885,576,3,1,0,1
N20001886,345,2,0,0,0
N20001887,429,0,0,1,0
N20001888,659,38,0,1,2
N20001889,546,38,1,5,0
N20001890,503,0,3,6,1
N20001891,531,4,10,4,2
N20001892,499,1,0,2,1
N20001893,476,4,1,1,3
N20001894,378,5,2,4,1
N20001895,647,13,5,0,0
N20001896,990,0,1,7,2
N20001897,391,12,0,3,0
N20001898,465,9,0,1,0
N20001899,443,3,0,0,0
N20001900,509,17,0,6,0
N20001901,651,1,0,10,0
N20001902,542,9,10,12,0
N20001903,407,0,0,5,1
N20001904,615,9,0,9,2
N20001905,440,0,0,2,0
N20001906,366,5,1,10,0
N20001907,462,19,4,7,1
N20001908,433,1,0,1,0
N20001909,509,2,0,5,0
N20001910,478,1,2,2,0
N20001911,361,1,1,3,2
N20001912,632,9,0,1,2
N20001913,562,28,4,4,0
N20001914,426,0,5,1,0
N20001915,382,0,1,0,0
N20001916,692,17,0,4,0
N20001917,528,4,1,8,0
N20001918,633,3,0,4,0
N20001919,711,3,2,13,1
N20001920,509,4,1,1,0
N20001921,591,2,2,4,0
N20001922,480,2,0,4,0
N20001923,652,2,0,3,0
N20001924,552,14,1,6,0
N20001925,508,5,0,3,4
N20001926,429,9,0,7,0
N20001927,789,1,0,5,1
N20001928,386,37,1,12,0
N20001929,428,0,0,0,0
N20001930,348,1,0,1,1
N20001931,313,0,0,0,0
N20001932,518,3,0,0,0
N20001933,619,1,2,4,0
N20001934,583,3,1,2,0
N20001935,620,0,0,0,0
N20001936,614,12,2,1,0
N20001937,451,5,0,2,0
N20001938,448,1,0,1,0
N20001939,358,5,0,3,0
N20001940,245,1,0,1,0
N20001941,384,0,0,0,0
N20001942,582,0,1,0,0
N20001943,225,30,1,0,0
N20001944,492,2,0,2,0
N20001945,406,1,0,0,1
N20001946,831,2,2,7,0
N20001947,596,2,0,5,0
N20001948,657,1,1,1,0
N20001949,843,0,0,0,2
N20001950,546,0,2,1,0
N20001951,542,0,0,3,1
N20001952,565,0,1,1,0
N20001953,435,0,0,0,0
N20001954,660,2,0,0,1
N20001955,618,1,0,1,0
N20001956,584,0,0,1,0
N20001957,233,0,0,1,1
N20001958,214,1,0,0,0
N20001959,519,2,0,5,0
N20001960,422,1,0,2,1
N20001961,541,4,1,1,0
N20001962,490,5,0,6,0
N20001963,348,1,0,6,0
N20001964,410,0,2,3,0
N20001965,247,9,0,1,0
N20001966,586,2,0,3,8
N20001967,584,2,0,6,0
N20001968,417,1,0,0,0
N20001969,344,4,1,2,1
N20001970,404,3,0,0,1
N20001971,671,0,0,1,3
N20001972,365,4,0,2,5
N20001973,418,0,1,5,0
N20001974,424,1,0,2,1
N20001975,375,2,0,0,0
N20001976,553,1,0,2,0
N20001977,505,0,2,3,1
N20001978,471,1,0,1,3
N20001979,429,2,0,2,0
N20001980,523,2,0,1,0
N20001981,413,0,0,0,0
N20001982,483,0,0,4,0
N20001983,512,2,0,8,0
N20001984,462,0,1,6,4
N20001985,433,1,1,2,0
N20001986,675,2,0,0,1
N20001987,750,2,1,4,4
N20001988,746,2,1,6,0
N20001989,713,0,0,0,0
N20001990,796,2,1,4,0
N20001991,468,0,0,2,0
N20001992,421,1,1,3,0
N20001993,236,1,0,0,0
N20001994,499,9,0,7,3
N20001995,466,4,0,3,0
N20001996,500,0,0,1,0
N20001997,635,3,0,5,0
N20001998,720,1,0,6,2
N20001999,297,0,0,0,1
N20002000,505,0,0,0,1
N20002001,523,0,2,0,0
N20002002,400,0,0,1,0
N20002003,312,0,0,0,0
N20002004,540,0,0,6,0
N20002005,548,4,0,0,1
N20002006,544,2,1,6,0
N20002007,582,0,0,0,1
N20002008,617,0,0,0,0
N20002009,411,3,3,1,7
N20002010,435,1,2,0,0
N20002011,555,3,1,3,0
N20002012,363,8,0,1,0
N20002013,701,1,1,0,5
N20002014,522,5,0,6,0
N20002015,532,0,1,0,0
N20002016,338,6,0,0,3
N20002017,545,7,0,2,0
N20002018,394,12,0,1,0
N20002019,481,0,0,0,1
N20002020,429,6,2,3,1
N20002021,349,5,0,0,0
N20002022,525,2,0,0,0
N20002023,587,1,0,0,1
N20002024,678,0,1,1,1
N20002025,693,1,0,1,3
N20002026,442,1,0,0,0
N20002027,406,0,0,0,0
N20002028,553,0,0,0,0
N20002029,658,3,0,2,0
N20002030,574,1,0,1,1
N20002031,722,3,0,0,1
N20002032,594,0,0,0,0
N20002033,329,0,0,0,0
N20002034,358,1,0,1,0
N20002035,452,6,0,4,0
N20002036,469,8,0,1,0
N20002037,805,1,0,1,0
N20002038,828,1,0,2,0
N20002039,696,0,0,2,0
N20002040,739,5,0,9,0
N20002041,596,0,1,0,1
N20002042,514,5,0,4,1
N20002043,318,3,2,0,2
N20002044,524,0,0,0,0
N20002045,318,0,0,2,20
N20002046,621,5,0,1,13
N20002047,434,2,0,0,4
N20002048,586,5,0,2,3
N20002049,458,1,0,1,1
N20002050,486,1,1,0,0
N20002051,689,1,0,3,3
N20002052,599,0,0,0,2
N20002053,568,0,0,0,0
N20002054,571,2,0,4,2
N20002055,808,1,0,3,0
N20002056,476,0,0,1,0
N20002057,598,1,0,0,0
N20002058,719,0,0,4,1
N20002059,406,1,5,0,1
N20002060,627,0,0,0,1
N20002061,836,16,1,24,1
N20002062,562,5,5,12,0
N20002063,526,4,0,6,0
N20002064,454,2,0,4,0
N20002065,715,1,1,5,1
N20002066,946,1,0,1,0
N20002067,479,1,0,2,1
N20002068,640,0,1,3,22
N20002069,789,7,1,8,0
N20002070,442,2,1,3,0
N20002071,646,1,0,1,1
N20002072,469,0,0,0,0
N20002073,687,0,0,0,0
N20002074,491,0,0,0,0
N20002075,543,0,0,0,0
N20002076,515,1,0,1,1
N20002077,688,3,1,6,3
N20002078,448,2,3,4,0
N20002079,720,1,0,2,0
N20002080,525,0,1,2,0
N20002081,504,1,0,0,0
N20002082,416,1,0,3,0
N20002083,457,2,3,1,1
N20002084,526,1,0,1,0
N20002085,214,11,1,4,0
N20002086,668,49,7,5,1
N20002087,539,7,16,2,5
N20002088,524,1,5,0,0
N20002089,326,0,2,2,0
N20002090,539,22,0,9,0
N20002091,394,0,2,6,3
N20002092,565,4,2,6,9
N20002093,574,12,0,2,1
N20002094,582,3,0,2,0
N20002095,537,12,6,4,1
N20002096,321,1,1,9,1
N20002097,469,7,0,3,0
N20002098,549,71,9,7,3
N20002099,376,0,0,5,0
N20002100,517,4,0,0,0
N20002101,206,7,1,4,4
N20002102,489,15,10,1,1
N20002103,390,12,0,1,3
N20002104,410,11,1,4,1
N20002105,252,11,0,6,0
N20002106,479,15,0,0,6
N20002107,354,13,8,3,0
N20002108,577,6,5,3,0
N20002109,482,1,0,0,0
N20002110,254,7,0,2,1
N20002111,462,6,2,4,1
N20002112,334,5,0,0,0
N20002113,482,1,1,4,0
N20002114,359,0,0,0,0
N20002115,353,0,0,0,1
N20002116,507,5,0,1,13
N20002117,440,6,4,3,2
N20002118,390,2,1,1,1
N20002119,476,1,1,0,7
N20002120,542,11,4,4,0
N20002121,624,0,0,0,8
N20002122,666,1,0,1,0
N20002123,520,0,0,0,0
N20002124,517,1,1,1,3
N20002125,479,0,2,3,0
N20002126,509,6,0,0,1
N20002127,569,2,0,5,0
N20002128,449,3,0,1,10
N20002129,612,1,0,3,0
N20002130,663,0,0,0,0
N20002131,427,0,0,4,0
N20002132,444,3,0,0,0
N20002133,548,3,0,0,4
N20002134,411,4,0,8,1
N20002135,348,1,0,2,0
N20002136,146,3,0,2,1
N20002137,517,2,0,4,1
N20002138,373,0,0,3,21
N20002139,639,2,0,0,3
N20002140,460,0,0,0,3
N20002141,373,6,0,0,0
N20002142,695,0,0,1,1
N20002143,508,7,1,6,0
N20002144,669,0,0,0,0
N20002145,567,1,0,8,4
N20002146,454,2,2,0,0
N20002147,634,0,0,0,1
N20002148,635,3,0,4,1
N20002149,441,2,1,4,4
N20002150,368,1,11,3,2
N20002151,535,1,0,3,1
N20002152,508,0,0,3,2
N20002153,526,0,0,0,0
N20002154,509,3,1,3,2
N20002155,654,1,0,0,0
N20002156,567,1,0,4,1
N20002157,587,0,0,1,0
N20002158,473,0,1,0,0
N20002159,380,0,1,0,0
N20002160,681,2,0,4,4
N20002161,770,4,0,4,0
N20002162,560,1,0,1,0
N20002163,376,0,0,0,1
N20002164,845,1,3,6,3
N20002165,598,0,0,0,0
N20002166,313,4,0,1,1
N20002167,284,0,0,0,3
N20002168,706,0,7,0,0
N20002169,350,0,0,0,0
N20002170,359,1,0,2,0
N20002171,548,0,0,0,4
N20002172,299,0,1,0,3
N20002173,549,0,0,0,1
N20002174,666,0,0,0,0
N20002175,556,3,2,0,0
N20002176,745,1,0,0,0
N20002177,606,1,1,0,1
N20002178,524,5,1,0,1
N20002179,452,4,0,1,0
N20002180,578,1,1,0,1
N20002181,567,1,6,3,3
N20002182,568,3,0,1,2
N20002183,692,13,0,16,63
N20002184,426,8,0,8,7
N20002185,344,3,0,2,0
N20002186,311,0,0,0,0
N20002187,551,5,1,1,0
N20002188,253,0,2,1,14
N20002189,388,1,4,0,1
N20002190,661,2,0,4,1
N20002191,349,2,0,0,8
N20002192,536,11,5,0,5
N20002193,520,3,0,0,0
N20002194,458,0,0,0,0
N20002195,448,11,11,7,15
N20002196,674,22,0,1,0
N20002197,380,8,0,0,0
N20002198,332,1,1,5,1
N20002199,252,12,6,1,9
N20002200,503,4,0,1,1
N20002201,280,11,0,2,0
N20002202,469,8,0,0,3
N20002203,292,1,0,0,5
N20002204,327,7,0,0,7
N20002205,254,2,0,1,10
N20002206,278,3,5,0,4
N20002207,436,5,4,5,1
N20002208,348,2,0,2,0
N20002209,378,1,0,3,5
N20002210,584,1,0,0,2
N20002211,351,9,0,1,0
N20002212,362,0,1,3,6
N20002213,681,10,1,12,0
N20002214,429,2,0,5,0
N20002215,530,8,1,0,2
N20002216,639,11,0,8,0
N20002217,440,11,0,0,1
N20002218,463,17,0,3,0
N20002219,680,8,0,7,0
N20002220,484,1,4,0,1
N20002221,545,1,1,7,0
N20002222,407,1,0,0,1
N20002223,568,0,0,0,0
N20002224,562,0,0,1,0
N20002225,469,1,0,0,0
N20002226,692,0,0,2,0
N20002227,435,0,0,1,0
N20002228,519,0,0,0,1
N20002229,430,1,0,1,1
N20002230,432,0,1,2,1
N20002231,752,1,0,0,3
N20002232,423,1,0,0,0
N20002233,612,13,0,7,2
N20002234,456,3,0,4,8
N20002235,537,0,0,0,0
N20002236,666,11,1,4,1
N20002237,743,8,1,0,0
N20002238,655,1,0,3,3
N20002239,656,1,0,0,1
N20002240,651,1,1,2,0
N20002241,331,1,0,1,7
N20002242,664,3,0,4,0
N20002243,495,0,0,0,0
N20002244,476,0,1,0,0
N20002245,666,4,0,0,10
N20002246,538,1,0,6,0
N20002247,605,7,0,0,0
N20002248,824,3,1,5,2
N20002249,586,1,0,1,0
N20002250,507,0,0,1,0
N20002251,522,0,0,1,0
N20002252,510,15,6,3,0
N20002253,283,13,0,0,0
N20002254,455,18,1,12,0
N20002255,265,1,0,1,7
N20002256,423,4,10,1,0
N20002257,598,14,1,16,0
N20002258,577,0,0,6,0
N20002259,483,5,1,4,0
N20002260,521,4,1,5,5
N20002261,473,3,0,8,0
N20002262,481,3,0,0,0
N20002263,405,16,0,3,0
N20002264,509,1,0,1,0
N20002265,256,1,0,2,1
N20002266,506,13,0,5,0
N20002267,283,20,0,2,0
N20002268,1072,1,1,2,0
N20002269,618,5,1,4,2
N20002270,239,10,0,0,0
N20002271,449,3,0,0,0
N20002272,529,4,3,6,0
N20002273,522,12,5,0,2
N20002274,511,1,0,0,0
N20002275,582,7,0,10,0
N20002276,483,1,1,6,1
N20002277,699,3,0,4,2
N20002278,385,0,0,0,0
N20002279,244,3,0,4,0
N20002280,434,2,1,2,0
N20002281,640,8,0,3,0
N20002282,410,5,2,4,1
N20002283,213,0,0,3,1
N20002284,829,8,1,1,0
N20002285,522,6,0,14,0
N20002286,381,1,0,5,0
N20002287,518,3,3,7,0
N20002288,888,5,0,0,0
N20002289,853,0,2,2,47
N20002290,482,0,0,0,1
N20002291,373,0,0,6,6
N20002292,676,1,0,1,3
N20002293,508,6,0,0,0
N20002294,512,0,0,0,0
N20002295,614,4,2,5,0
N20002296,702,6,5,5,2
N20002297,557,3,1,10,1
N20002298,456,4,0,4,1
N20002299,501,1,0,0,0
N20002300,577,1,0,2,0
N20002301,330,0,0,3,0
N20002302,462,1,0,3,1
N20002303,550,1,0,5,0
N20002304,374,1,1,3,0
N20002305,550,10,0,4,0
N20002306,551,23,0,8,3
N20002307,329,7,1,3,1
N20002308,474,19,1,0,0
N20002309,547,11,2,5,2
N20002310,744,32,0,4,0
N20002311,423,1,0,3,0
N20002312,551,15,1,12,4
N20002313,514,12,0,3,0
N20002314,285,16,1,0,0
N20002315,405,22,4,3,0
N20002316,320,1,7,3,0
N20002317,590,3,1,0,1
N20002318,798,12,8,5,17
N20002319,724,4,4,4,0
N20002320,745,2,0,1,0
N20002321,555,0,2,0,0
N20002322,635,2,1,6,0
N20002323,602,3,0,17,1
N20002324,660,3,0,3,0
N20002325,553,2,0,2,0
N20002326,557,8,1,8,0
N20002327,362,6,0,0,1
N20002328,461,14,1,4,0
N20002329,631,8,5,12,0
N20002330,507,9,7,2,0
N20002331,383,6,1,11,6
N20002332,610,10,0,8,0
N20002333,374,10,1,2,0
N20002334,702,2,4,0,1
N20002335,463,1,1,0,0
N20002336,619,22,0,6,3
N20002337,466,3,2,0,0
N20002338,237,16,0,5,0
N20002339,411,4,1,4,9
N20002340,229,2,0,0,0
N20002341,511,18,0,4,0
N20002342,474,21,0,1,4
N20002343,345,9,0,3,1
N20002344,591,18,0,4,1
N20002345,353,12,0,6,3
N20002346,350,11,4,8,7
N20002347,518,3,6,4,0
N20002348,405,7,0,0,0
N20002349,609,43,0,4,1
N20002350,470,21,0,4,1
N20002351,608,52,8,4,0
N20002352,481,16,5,4,2
N20002353,788,20,8,7,0
N20002354,308,2,0,1,0
N20002355,460,21,0,6,0
N20002356,441,29,5,1,0
N20002357,395,24,8,4,1
N20002358,351,17,0,0,0
N20002359,202,5,11,6,0
N20002360,450,34,5,3,6
N20002361,386,1,0,1,1
N20002362,613,31,0,8,5
N20002363,480,20,2,9,2
N20002364,461,6,0,2,0
N20002365,287,8,0,2,1
N20002366,461,27,0,3,0
N20002367,435,8,6,3,3
N20002368,499,1,5,7,0
N20002369,424,2,0,0,0
N20002370,454,9,0,11,3
N20002371,421,13,0,3,3
N20002372,648,28,6,6,3
N20002373,658,29,0,8,4
N20002374,485,9,0,6,0
N20002375,398,11,0,1,0
N20002376,216,8,0,0,2
N20002377,644,25,1,6,1
N20002378,528,2,0,7,0
N20002379,688,52,10,3,2
N20002380,400,8,9,7,0
N20002381,449,3,0,8,0
N20002382,601,21,7,8,1
N20002383,378,19,5,3,4
N20002384,480,3,5,8,0
N20002385,587,21,1,7,1
N20002386,605,19,4,10,1
N20002387,553,58,8,8,0
N20002388,534,28,5,10,3
N20002389,528,31,0,5,1
N20002390,574,8,6,0,0
N20002391,254,0,1,3,0
N20002392,753,11,1,7,0
N20002393,555,8,1,8,0
N20002394,459,2,1,1,4
N20002395,387,3,1,3,0
N20002396,346,1,0,3,0
N20002397,458,4,1,13,0
N20002398,441,7,1,3,0
N20002399,690,14,0,0,0
N20002400,296,0,4,0,1
N20002401,378,9,0,9,5
N20002402,382,17,7,1,6
N20002403,399,2,0,2,0
N20002404,970,11,45,12,7
N20002405,477,1,26,6,4
N20002406,544,12,4,3,0
N20002407,243,5,0,2,1
N20002408,551,6,0,8,0
N20002409,395,0,3,7,9
N20002410,395,0,3,0,0
N20002411,571,12,2,5,0
N20002412,462,5,1,6,1
N20002413,274,17,1,11,0
N20002414,490,13,0,17,11
N20002415,427,13,0,4,0
N20002416,391,17,0,4,0
N20002417,505,2,3,4,0
N20002418,407,4,1,10,2
N20002419,259,9,0,7,3
N20002420,450,16,0,9,0
N20002421,263,7,1,5,0
N20002422,249,14,0,4,2
N20002423,487,12,3,0,0
N20002424,517,9,0,7,0
N20002425,604,9,2,5,1
N20002426,459,0,1,0,0
N20002427,508,5,1,4,0
N20002428,234,1,0,0,0
N20002429,543,21,5,3,0
N20002430,420,5,1,3,0
N20002431,421,4,2,10,1
N20002432,462,9,4,9,0
N20002433,423,5,2,4,0
N20002434,260,0,0,6,1
N20002435,649,14,1,5,0
N20002436,435,10,0,5,0
N20002437,681,19,5,1,3
N20002438,471,1,0,4,0
N20002439,750,3,3,9,0
N20002440,633,6,1,4,0
N20002441,613,2,0,2,1
N20002442,546,0,1,0,0
N20002443,410,1,0,3,0
N20002444,563,8,0,4,1
N20002445,578,2,1,2,0
N20002446,603,3,0,0,0
N20002447,580,0,2,0,0
N20002448,475,6,0,0,4
N20002449,539,6,0,1,6
N20002450,532,0,0,0,0
N20002451,590,1,1,0,2
N20002452,504,0,0,1,0
N20002453,453,0,0,3,0
N20002454,605,6,3,8,0
N20002455,370,1,0,4,0
N20002456,646,10,0,8,3
N20002457,466,11,0,14,1
N20002458,551,14,1,3,0
N20002459,462,15,6,6,0
N20002460,221,15,7,4,0
N20002461,680,34,3,10,0
N20002462,448,25,1,7,2
N20002463,427,15,0,8,2
N20002464,405,30,0,2,0
N20002465,390,32,0,3,0
N20002466,222,14,3,1,0
N20002467,632,14,2,9,0
N20002468,522,27,0,2,5
N20002469,329,35,0,3,0
N20002470,641,22,0,10,0
N20002471,384,20,7,1,0
N20002472,439,12,1,9,3
N20002473,426,8,0,9,2
N20002474,658,42,1,12,1
N20002475,457,6,0,2,2
N20002476,657,20,3,12,1
N20002477,380,25,0,3,1
N20002478,749,35,0,9,1
N20002479,283,45,1,4,2
N20002480,561,44,0,7,0
N20002481,660,58,0,14,1
N20002482,593,86,16,5,0
N20002483,777,29,0,6,0
N20002484,795,23,6,7,9
N20002485,394,11,0,1,0
N20002486,249,19,0,0,0
N20002487,692,31,0,12,0
N20002488,546,7,0,1,3
N20002489,338,0,0,0,0
N20002490,601,25,0,3,0
N20002491,551,2,0,3,0
N20002492,334,12,2,1,0
N20002493,345,1,1,7,0
N20002494,382,29,0,4,0
N20002495,632,14,6,5,7
N20002496,694,33,5,6,0
N20002497,472,0,1,1,0
N20002498,392,6,0,4,0
N20002499,664,15,0,8,0
N20002500,893,12,6,5,0
N20002501,481,20,1,2,0
N20002502,371,39,0,4,0
N20002503,537,14,2,13,1
N20002504,275,27,0,0,1
N20002505,489,28,4,10,0
N20002506,294,29,1,1,0
N20002507,207,17,0,1,2
N20002508,442,67,6,2,2
N20002509,518,35,6,4,1
N20002510,337,0,0,3,4
N20002511,478,19,0,5,0
N20002512,430,35,0,4,1
N20002513,326,26,0,7,0
N20002514,580,12,0,4,0
N20002515,513,39,0,7,2
N20002516,483,83,12,6,0
N20002517,292,6,1,9,0
N20002518,438,20,0,5,0
N20002519,288,7,0,5,0
N20002520,487,36,14,3,0
N20002521,474,4,4,7,1
N20002522,364,5,0,1,0
N20002523,355,5,0,0,1
N20002524,477,30,11,5,0
N20002525,347,14,1,4,1
N20002526,517,41,0,4,4
N20002527,619,9,1,5,0
N20002528,324,14,1,5,0
N20002529,339,9,0,0,0
N20002530,457,2,1,3,0
N20002531,307,10,2,4,1
N20002532,451,12,0,1,0
N20002533,327,6,0,5,0
N20002534,511,24,5,1,0
N20002535,340,12,1,9,1
N20002536,548,6,4,6,0
N20002537,326,2,0,2,0
N20002538,420,10,0,5,0
N20002539,406,2,1,7,0
N20002540,427,2,1,0,1
N20002541,454,2,1,2,2
N20002542,365,2,0,1,0
N20002543,263,1,0,3,0
N20002544,372,6,0,5,0
N20002545,595,0,2,3,0
N20002546,608,2,0,1,0
N20002547,629,3,1,0,1
N20002548,649,1,0,0,0
N20002549,558,1,0,1,0
N20002550,592,0,0,0,0
N20002551,418,0,0,0,1
N20002552,455,0,1,1,0
N20002553,434,0,0,0,0
N20002554,348,2,3,1,0
N20002555,509,1,0,1,0
N20002556,497,1,6,2,0
N20002557,559,6,0,6,0
N20002558,336,3,0,0,1
N20002559,369,7,0,2,0
N20002560,377,2,0,4,1
N20002561,427,3,0,1,0
N20002562,549,0,4,1,1
N20002563,731,1,0,8,0
N20002564,656,3,2,1,2
N20002565,273,13,0,0,1
N20002566,390,1,0,0,0
N20002567,552,2,0,7,0
N20002568,327,2,0,1,0
N20002569,352,13,1,5,0
N20002570,416,6,0,0,0
N20002571,497,0,1,0,0
N20002572,547,2,0,0,0
N20002573,482,1,1,6,1
N20002574,647,1,1,5,0
N20002575,177,0,1,0,0
N20002576,566,0,1,0,0
N20002577,585,0,0,1,2
N20002578,528,2,1,0,2
N20002579,555,0,0,3,0
N20002580,539,1,0,3,0
N20002581,630,0,0,2,1
N20002582,624,0,5,0,0
N20002583,612,1,0,1,0
N20002584,685,1,0,0,0
N20002585,605,1,0,0,1
N20002586,600,0,0,0,7
N20002587,331,2,1,3,1
N20002588,526,7,0,0,35
N20002589,493,5,0,1,8
N20002590,461,5,0,1,0
N20002591,359,3,2,0,1
N20002592,437,1,0,1,2
N20002593,653,0,0,0,1
N20002594,449,5,0,4,52
N20002595,575,1,0,1,5
N20002596,327,3,0,0,3
N20002597,381,2,0,3,10
N20002598,383,5,0,0,0
N20002599,399,3,0,8,1
N20002600,548,8,0,4,0
N20002601,427,10,2,2,20
N20002602,480,4,0,0,1
N20002603,605,0,0,1,1
N20002604,665,5,5,3,19
N20002605,535,4,1,1,14
N20002606,717,1,0,6,13
N20002607,301,5,1,0,0
N20002608,195,2,2,6,6
N20002609,390,2,2,1,9
N20002610,361,2,0,1,0
N20002611,508,11,1,8,28
N20002612,487,13,1,1,3
N20002613,607,21,0,7,119
N20002614,395,8,1,0,0
N20002615,441,13,2,0,104
N20002616,332,2,4,5,6
N20002617,494,8,8,2,273
N20002618,410,3,0,0,0
N20002619,554,11,0,3,5
N20002620,455,6,1,5,79
N20002621,416,2,0,5,1
N20002622,433,5,0,1,1
N20002623,327,18,1,2,0
N20002624,437,3,0,2,1
N20002625,307,2,0,0,31
N20002626,362,0,0,4,0
N20002627,214,8,2,2,0
N20002628,484,9,7,9,28
N20002629,593,0,0,0,11
N20002630,319,7,0,0,1
N20002631,388,2,0,1,1
N20002632,445,6,9,1,0
N20002633,462,18,0,7,0
N20002634,457,5,0,6,1
N20002635,396,5,0,4,1
N20002636,276,3,0,1,1
N20002637,553,0,0,3,0
N20002638,384,3,2,4,0
N20002639,674,2,0,3,0
N20002640,699,5,1,9,0
N20002641,481,1,0,3,1
N20002642,585,0,0,0,0
N20002643,514,1,0,3,0
N20002644,351,0,1,1,0
N20002645,673,0,0,5,0
N20002646,736,1,0,0,1
N20002647,718,1,0,0,3
N20002648,681,1,1,4,0
N20002649,403,1,0,0,1
N20002650,406,0,0,1,0
N20002651,444,3,0,1,2
N20002652,602,1,0,1,0
N20002653,522,0,1,1,0
N20002654,668,0,2,0,1
N20002655,551,4,2,0,0
N20002656,484,4,0,0,2
N20002657,280,0,1,2,0
N20002658,598,4,1,1,2
N20002659,276,1,0,0,1
N20002660,411,0,0,0,0
N20002661,351,1,1,7,0
N20002662,653,1,1,2,0
N20002663,747,0,0,0,1
N20002664,573,2,4,2,2
N20002665,261,0,6,0,1
N20002666,466,2,4,2,25
N20002667,337,6,3,4,0
N20002668,569,2,0,0,0
N20002669,483,0,0,1,8
N20002670,546,6,2,2,0
N20002671,652,7,5,9,6
N20002672,210,0,2,1,0
N20002673,433,9,1,0,1
N20002674,433,0,0,1,0
N20002675,314,1,0,4,0
N20002676,675,0,0,4,0
N20002677,568,0,0,0,0
N20002678,635,0,1,4,0
N20002679,441,0,0,2,0
N20002680,411,4,0,0,0
N20002681,595,9,0,0,2
N20002682,653,1,3,1,0
N20002683,435,2,0,4,0
N20002684,357,0,0,1,0
N20002685,352,1,0,2,0
N20002686,419,0,0,0,3
N20002687,587,3,0,5,1
N20002688,451,0,2,4,0
N20002689,465,1,1,4,1
N20002690,417,0,0,0,0
N20002691,633,7,2,2,0
N20002692,459,3,0,11,0
N20002693,343,0,0,0,0
N20002694,430,0,0,0,0
N20002695,460,0,0,1,0
N20002696,416,2,0,2,0
N20002697,444,1,0,0,1
N20002698,441,1,0,4,1
N20002699,517,0,1,4,0
N20002700,415,0,0,0,1
N20002701,364,4,4,0,0
N20002702,302,1,0,0,0
N20002703,249,0,0,0,0
N20002704,306,0,1,2,0
N20002705,398,0,0,0,2
N20002706,290,0,1,1,1
N20002707,390,12,0,1,0
N20002708,342,7,1,1,0
N20002709,709,2,1,1,1
N20002710,531,0,0,3,0
N20002711,381,1,1,1,0
N20002712,293,4,0,1,0
N20002713,442,2,4,4,0
N20002714,402,2,1,6,0
N20002715,505,1,0,0,0
N20002716,766,3,0,4,0
N20002717,285,3,2,1,1
N20002718,429,5,2,3,2
N20002719,433,1,0,1,0
N20002720,405,0,0,5,0
N20002721,201,0,0,0,0
N20002722,400,4,4,2,0
N20002723,413,3,5,1,1
N20002724,305,3,6,1,2
N20002725,264,1,1,1,1
N20002726,539,3,1,0,1
N20002727,407,7,10,4,1
N20002728,407,0,0,8,0
N20002729,149,0,1,1,0
N20002730,438,0,1,1,0
N20002731,561,11,0,6,0
N20002732,414,0,0,5,0
N20002733,430,3,1,1,5
N20002734,266,14,1,2,0
N20002735,498,1,11,0,2
N20002736,388,0,1,0,0
N20002737,566,0,0,0,0
N20002738,420,3,1,0,0
N20002739,609,1,2,0,3
N20002740,593,4,0,4,0
N20002741,470,0,1,1,0
N20002742,836,3,0,7,0
N20002743,875,0,0,5,1
N20002744,783,1,0,2,0
N20002745,523,2,0,0,1
N20002746,665,1,0,1,1
N20002747,601,0,0,1,3
N20002748,446,2,2,4,5
N20002749,363,1,0,0,0
N20002750,356,1,0,4,2
N20002751,566,0,1,1,0
N20002752,328,1,0,1,0
N20002753,413,5,4,9,0
N20002754,290,1,1,3,1
N20002755,485,6,0,4,0
N20002756,376,6,1,1,0
N20002757,474,6,0,8,0
N20002758,404,2,1,6,1
N20002759,216,1,0,3,0
N20002760,451,10,1,3,0
N20002761,547,7,1,1,2
N20002762,622,3,0,3,1
N20002763,444,0,1,0,0
N20002764,542,1,1,3,1
N20002765,584,0,4,0,3
N20002766,287,0,1,5,0
N20002767,401,4,0,3,0
N20002768,812,3,2,19,0
N20002769,546,3,1,12,2
N20002770,691,3,0,2,5
N20002771,318,8,0,0,0
N20002772,377,2,0,2,0
N20002773,382,0,1,2,1
N20002774,746,6,2,8,0
N20002775,747,10,0,12,0
N20002776,267,4,0,2,0
N20002777,421,1,1,1,1
N20002778,682,2,0,1,3
N20002779,437,0,1,6,0
N20002780,546,13,1,4,0
N20002781,587,3,0,1,0
N20002782,363,2,0,0,0
N20002783,383,2,0,1,0
N20002784,349,8,0,0,4
N20002785,345,1,1,4,0
N20002786,495,5,1,4,0
N20002787,401,0,0,0,2
N20002788,419,12,0,5,2
N20002789,500,3,0,6,1
N20002790,519,9,7,2,2
N20002791,361,3,0,1,0
N20002792,456,3,1,0,0
N20002793,298,0,0,0,1
N20002794,431,0,0,4,3
N20002795,481,8,3,2,1
N20002796,390,10,2,6,1
N20002797,467,15,3,5,0
N20002798,356,27,3,5,0
N20002799,487,14,1,0,0
N20002800,489,17,3,5,0
N20002801,208,6,0,0,0
N20002802,909,1,0,3,0
N20002803,434,0,0,6,1
N20002804,612,4,0,6,1
N20002805,479,0,0,1,1
N20002806,463,5,0,7,0
N20002807,279,2,0,1,0
N20002808,648,5,0,1,1
N20002809,639,1,0,2,0
N20002810,416,2,0,1,0
N20002811,353,0,0,1,1
N20002812,254,0,0,3,0
N20002813,459,6,0,0,1
N20002814,621,12,3,1,0
N20002815,283,0,1,0,0
N20002816,335,5,3,1,0
N20002817,405,3,2,2,0
N20002818,502,3,0,1,1
N20002819,546,3,0,7,0
N20002820,374,1,0,2,0
N20002821,625,1,0,2,0
N20002822,571,10,0,1,0
N20002823,669,14,0,5,2
N20002824,234,3,1,3,1
N20002825,712,9,0,0,0
N20002826,574,2,1,0,0
N20002827,472,5,0,6,0
N20002828,371,2,0,3,0
N20002829,537,17,0,8,0
N20002830,469,22,1,1,0
N20002831,302,2,2,3,2
N20002832,530,2,0,3,0
N20002833,381,17,0,5,0
N20002834,337,5,3,1,0
N20002835,565,38,13,12,0
N20002836,547,12,0,1,7
N20002837,413,0,0,0,1
N20002838,1006,2,3,5,0
N20002839,607,0,0,0,1
N20002840,680,1,0,2,0
N20002841,552,1,1,0,0
N20002842,486,1,1,0,1
N20002843,664,1,0,0,0
N20002844,535,0,0,1,0
N20002845,758,2,0,1,0
N20002846,657,0,0,0,1
N20002847,560,0,0,0,0
N20002848,821,0,0,1,0
N20002849,562,1,0,0,1
N20002850,446,1,0,4,5
N20002851,876,8,0,1,4
N20002852,591,6,3,6,0
N20002853,758,0,0,1,0
N20002854,438,0,0,0,0
N20002855,403,0,1,1,0
N20002856,387,0,1,0,0
N20002857,539,0,0,1,0
N20002858,500,7,2,0,4
N20002859,766,0,1,4,1
N20002860,799,1,0,9,3
N20002861,458,0,0,4,3
N20002862,531,1,0,3,0
N20002863,718,0,1,12,0
N20002864,527,0,0,0,2
N20002865,567,1,0,1,0
N20002866,679,3,0,1,0
N20002867,895,1,0,0,0
N20002868,770,3,0,2,0
N20002869,590,0,0,1,0
N20002870,654,3,0,0,3
N20002871,777,0,0,0,0
N20002872,702,3,0,0,1
N20002873,493,3,0,2,0
N20002874,388,2,0,4,0
N20002875,556,0,1,3,2
N20002876,530,6,2,3,0
N20002877,541,0,0,0,2
N20002878,395,0,3,7,13
N20002879,1051,3,0,5,1
N20002880,559,3,0,2,0
N20002881,572,6,1,8,0
N20002882,802,2,0,0,6
N20002883,500,9,2,3,1
N20002884,669,2,0,7,1
N20002885,766,5,0,8,16
N20002886,503,2,0,0,0
N20002887,861,0,0,3,0
N20002888,553,0,0,3,1
N20002889,462,0,1,0,0
N20002890,632,2,0,1,5
N20002891,774,1,2,0,3
N20002892,583,0,0,0,0
N20002893,568,0,0,3,1
N20002894,623,5,1,4,0
N20002895,364,0,0,0,1
N20002896,368,14,0,5,0
N20002897,222,5,0,1,1
N20002898,425,17,2,3,1
N20002899,558,5,0,1,1
N20002900,406,8,0,1,1
N20002901,263,8,4,4,0
N20002902,467,3,7,0,8
N20002903,592,23,1,3,2
N20002904,540,43,17,11,9
N20002905,438,13,0,6,1
N20002906,321,3,2,5,0
N20002907,578,0,3,6,0
N20002908,707,29,3,8,8
N20002909,631,10,3,7,1
N20002910,525,8,0,7,0
N20002911,774,5,0,0,0
N20002912,671,15,0,12,4
N20002913,449,2,0,0,0
N20002914,565,2,1,5,0
N20002915,670,2,0,0,0
N20002916,622,2,2,0,2
N20002917,636,1,0,1,0
N20002918,595,2,0,5,1
N20002919,552,0,0,2,0
N20002920,665,0,1,3,1
N20002921,464,1,0,1,0
N20002922,500,4,4,4,4
N20002923,504,10,5,0,1
N20002924,620,2,5,3,9
N20002925,541,0,0,0,0
N20002926,605,0,0,0,0
N20002927,507,0,0,0,0
N20002928,828,1,0,2,0
N20002929,647,1,0,1,0
N20002930,701,2,0,0,1
N20002931,534,1,0,2,2
N20002932,471,6,5,0,0
N20002933,490,1,0,2,0
N20002934,492,4,3,4,0
N20002935,305,2,0,4,0
N20002936,422,0,0,0,0
N20002937,585,7,20,12,0
N20002938,639,9,6,5,0
N20002939,299,0,2,3,4
N20002940,510,14,34,6,18
N20002941,648,1,4,12,7
N20002942,655,2,0,0,0
N20002943,501,12,13,2,4
N20002944,461,0,0,0,0
N20002945,180,11,18,6,0
N20002946,312,4,39,11,9
N20002947,251,4,10,6,3
N20002948,804,4,0,1,0
N20002949,481,6,6,6,3
N20002950,287,37,88,20,2
N20002951,447,1,0,0,0
N20002952,506,0,0,1,0
N20002953,545,19,9,1,1
N20002954,688,4,7,4,6
N20002955,443,6,0,7,1
N20002956,636,12,17,5,1
N20002957,553,2,24,13,0
N20002958,270,1,12,5,0
N20002959,624,0,0,5,0
N20002960,420,0,1,0,0
N20002961,501,4,2,11,2
N20002962,544,8,16,7,0
N20002963,497,0,0,4,0
N20002964,590,5,21,1,1
N20002965,453,4,0,3,1
N20002966,798,2,0,1,1
N20002967,574,1,0,0,0
N20002968,388,0,1,0,0
N20002969,489,0,0,1,4
N20002970,618,6,0,3,2
N20002971,759,0,0,6,0
N20002972,537,1,1,1,2
N20002973,719,1,0,1,0
N20002974,527,0,0,0,0
N20002975,733,0,0,0,0
N20002976,659,0,1,3,4
N20002977,408,0,0,0,0
N20002978,504,0,1,0,0
N20002979,564,1,0,0,0
N20002980,552,7,1,0,0
N20002981,464,0,0,0,4
N20002982,655,0,0,0,0
N20002983,491,10,2,1,0
N20002984,586,3,0,1,0
N20002985,574,0,0,0,1
N20002986,574,3,3,1,0
N20002987,473,0,0,0,1
N20002988,463,0,1,1,1
N20002989,547,0,0,3,0
N20002990,659,1,0,0,1
N20002991,479,1,5,1,0
N20002992,514,7,0,4,1
N20002993,746,0,3,4,11
N20002994,585,1,1,6,1
N20002995,558,1,1,5,10
N20002996,394,1,1,7,0
N20002997,617,1,1,0,1
N20002998,717,0,1,0,0
N20002999,468,1,3,4,10
N20003000,570,0,0,0,0
N20003001,368,0,1,0,12
N20003002,270,5,6,7,121
N20003003,268,7,0,4,34
N20003004,487,1,1,0,1
N20003005,228,0,1,1,1
N20003006,706,10,8,4,0
N20003007,414,1,0,0,0
N20003008,362,1,0,2,0
N20003009,780,5,1,3,1
N20003010,534,1,15,0,35
N20003011,517,1,4,1,2
N20003012,558,1,2,0,0
N20003013,705,9,2,1,5
N20003014,348,0,1,2,0
N20003015,501,0,0,4,0
N20003016,480,0,0,0,1
N20003017,462,1,0,1,0
N20003018,441,9,6,5,95
N20003019,531,4,0,3,1
N20003020,539,31,52,30,3
N20003021,481,0,1,5,3
N20003022,608,8,25,22,5
N20003023,449,11,44,18,11
N20003024,619,1,1,4,2
N20003025,515,12,6,8,0
N20003026,308,32,24,15,16
N20003027,477,4,15,3,3
N20003028,330,30,48,14,8
N20003029,328,42,69,38,16
N20003030,558,34,27,18,6
N20003031,661,21,11,26,14
N20003032,503,84,59,24,22
N20003033,417,60,57,37,13
N20003034,249,40,30,15,5
N20003035,228,50,57,13,15
N20003036,466,0,0,0,1
N20003037,163,81,85,21,20
N20003038,250,87,123,61,14
N20003039,637,44,51,46,7
N20003040,659,56,17,13,6
N20003041,317,118,102,81,58
N20003042,471,62,88,16,19
N20003043,442,57,59,44,9
N20003044,315,52,54,16,13
N20003045,427,24,30,21,3
N20003046,536,39,41,2,18
N20003047,424,51,41,21,6
N20003048,735,0,4,4,5
N20003049,424,12,39,6,1
N20003050,826,18,8,7,0
N20003051,389,15,12,8,0
N20003052,382,5,5,1,1
N20003053,527,5,1,0,2
N20003054,452,4,4,2,1
N20003055,471,0,6,4,0
N20003056,790,1,0,0,2
N20003057,731,0,0,0,1
N20003058,515,0,2,5,6
N20003059,598,0,1,2,10
N20003060,278,4,1,0,3
N20003061,503,4,0,9,1
N20003062,1008,4,1,4,0
N20003063,1067,0,0,0,0
N20003064,692,1,0,3,1
N20003065,817,1,2,0,0
N20003066,599,0,0,3,0
N20003067,464,2,0,0,0
N20003068,451,1,1,0,0
N20003069,719,5,4,1,0
N20003070,694,1,1,4,1
N20003071,579,0,2,1,1
N20003072,390,13,10,19,1
N20003073,768,0,0,0,0
N20003074,706,0,0,5,0
N20003075,608,1,0,0,0
N20003076,388,0,1,3,0
N20003077,553,0,0,0,0
N20003078,608,4,0,0,3
N20003079,729,0,0,1,6
N20003080,418,1,0,2,0
N20003081,625,1,0,0,1
N20003082,371,2,2,0,0
N20003083,459,3,0,3,3
N20003084,576,0,5,3,2
N20003085,485,3,0,3,0
N20003086,516,6,1,1,1
N20003087,279,0,0,0,0
N20003088,571,1,0,4,0
N20003089,797,0,0,0,2
N20003090,466,10,0,2,10
N20003091,502,3,0,4,1
N20003092,682,1,0,4,0
N20003093,598,1,0,2,8
N20003094,578,1,0,1,0
N20003095,548,0,0,3,0
N20003096,604,0,2,0,2
N20003097,527,4,0,1,3
N20003098,403,0,0,0,1
N20003099,408,5,1,0,0
N20003100,508,1,7,5,4
N20003101,550,1,0,0,1
N20003102,538,5,0,3,4
N20003103,837,0,1,0,1
N20003104,658,3,0,4,17
N20003105,700,1,0,2,3
N20003106,322,1,0,3,1
N20003107,800,1,0,5,1
N20003108,299,9,0,0,0
N20003109,422,3,4,0,4
N20003110,712,5,2,2,1
N20003111,576,1,0,1,2
N20003112,430,21,1,0,0
N20003113,772,9,0,5,4
N20003114,453,5,0,6,10
N20003115,907,1,2,9,0
N20003116,370,2,0,4,3
N20003117,363,2,0,0,10
N20003118,303,4,4,4,20
N20003119,254,0,1,1,12
N20003120,439,6,0,0,17
N20003121,755,0,0,0,0
N20003122,517,1,0,1,0
N20003123,526,3,7,0,1
N20003124,751,0,0,0,4
N20003125,713,1,5,0,0
N20003126,873,1,0,4,0
N20003127,709,1,0,0,2
N20003128,797,5,4,0,3
N20003129,766,0,0,4,0
N20003130,681,1,0,4,0
N20003131,582,0,3,5,0
N20003132,321,1,0,3,11
N20003133,926,1,1,2,0
N20003134,334,4,0,3,4
N20003135,551,0,1,0,1
N20003136,513,1,0,3,0
N20003137,749,0,0,2,3
N20003138,451,1,0,6,2
N20003139,411,0,3,6,0
N20003140,578,0,0,0,6
N20003141,307,0,0,0,3
N20003142,554,2,0,1,24
N20003143,495,4,1,1,1
N20003144,596,0,1,1,1
N20003145,461,0,0,3,0
N20003146,453,1,1,0,7
N20003147,562,5,1,0,0
N20003148,558,5,0,0,0
N20003149,918,3,0,5,3
N20003150,540,0,0,0,5
N20003151,467,0,0,5,0
N20003152,429,5,0,0,7
N20003153,719,0,1,5,0
N20003154,706,13,1,0,1
N20003155,706,21,5,5,0
N20003156,614,9,1,11,0
N20003157,571,13,2,3,3
N20003158,347,15,0,4,0
N20003159,390,9,5,4,0
N20003160,439,8,0,5,4
N20003161,577,8,0,4,2
N20003162,430,3,1,5,5
N20003163,469,7,0,0,1
N20003164,459,5,0,7,1
N20003165,543,9,0,0,0
N20003166,308,0,3,0,11
N20003167,512,2,0,0,0
N20003168,424,2,0,4,0
N20003169,758,3,0,0,2
N20003170,460,4,0,3,6
N20003171,284,8,8,1,3
N20003172,404,23,2,0,19
N20003173,572,1,0,1,16
N20003174,347,8,4,1,9
N20003175,421,2,1,5,1
N20003176,541,29,5,1,4
N20003177,485,10,0,0,22
N20003178,477,1,9,0,2
N20003179,350,4,2,5,15
N20003180,555,0,0,1,9
N20003181,442,2,0,0,6
N20003182,493,4,1,11,23
N20003183,486,7,0,7,4
N20003184,553,2,5,0,0
N20003185,476,13,3,8,4
N20003186,562,4,3,4,19
N20003187,448,0,15,0,5
N20003188,489,11,0,3,0
N20003189,577,2,0,1,1
N20003190,256,6,6,5,9
N20003191,566,1,6,1,0
N20003192,460,4,0,4,1
N20003193,489,7,5,11,1
N20003194,636,11,0,1,2
N20003195,512,3,2,1,4
N20003196,491,18,6,7,1
N20003197,788,2,0,3,0
N20003198,529,8,0,6,3
N20003199,336,0,3,0,5
N20003200,1055,1,0,6,1
N20003201,393,1,0,1,5
N20003202,578,5,2,7,1
N20003203,532,2,1,0,3
N20003204,740,1,1,5,0
N20003205,570,1,0,2,10
N20003206,441,2,0,1,13
N20003207,599,2,2,0,0
N20003208,457,1,0,3,0
N20003209,551,0,1,8,3
N20003210,481,0,0,0,1
N20003211,604,0,0,0,0
N20003212,798,0,0,6,1
N20003213,833,1,1,3,0
N20003214,929,3,1,0,0
N20003215,696,8,1,0,0
N20003216,729,2,0,3,0
N20003217,524,2,0,0,0
N20003218,639,0,0,5,5
N20003219,511,0,0,0,0
N20003220,540,1,1,3,0
N20003221,840,0,1,2,0
N20003222,602,1,1,3,1
N20003223,468,6,0,8,0
N20003224,430,2,0,0,0
N20003225,756,1,0,0,3
N20003226,739,1,0,0,1
N20003227,762,1,0,0,0
N20003228,543,10,0,3,7
N20003229,546,1,0,1,0
N20003230,687,1,0,0,1
N20003231,676,0,1,1,1
N20003232,440,1,0,0,2
N20003233,585,13,10,4,4
N20003234,694,4,0,3,0
N20003235,619,1,0,3,5
N20003236,781,0,1,0,0
N20003237,559,1,0,0,0
N20003238,519,12,0,5,0
N20003239,599,3,1,4,7
N20003240,710,1,0,0,0
N20003241,645,5,0,3,4
N20003242,431,13,0,1,1
N20003243,572,7,1,1,1
N20003244,608,0,0,0,0
N20003245,308,1,3,1,8
N20003246,445,9,1,6,2
N20003247,236,1,0,0,1
N20003248,419,4,0,4,4
N20003249,295,5,0,0,0
N20003250,512,1,0,1,3
N20003251,232,0,0,0,4
N20003252,409,5,2,4,0
N20003253,456,4,4,6,2
N20003254,381,6,1,4,1
N20003255,444,9,3,3,1
N20003256,459,2,0,3,4
N20003257,701,8,2,0,0
N20003258,394,0,0,0,0
N20003259,537,0,3,1,0
N20003260,579,0,1,14,0
N20003261,689,0,0,0,0
N20003262,573,2,1,8,0
N20003263,497,4,0,9,3
N20003264,498,1,0,8,0
N20003265,462,3,2,6,1
N20003266,608,2,1,6,2
N20003267,401,0,0,6,1
N20003268,562,2,1,5,0
N20003269,475,2,1,9,1
N20003270,510,8,1,1,0
N20003271,395,11,0,2,0
N20003272,607,1,0,7,0
N20003273,571,2,2,9,1
N20003274,690,2,1,4,4
N20003275,473,1,1,2,2
N20003276,659,1,1,0,1
N20003277,440,1,0,0,0
N20003278,501,2,0,0,4
N20003279,349,2,0,3,0
N20003280,509,0,0,0,0
N20003281,589,3,0,9,0
N20003282,741,1,0,4,0
N20003283,609,1,1,4,1
N20003284,562,0,1,3,1
N20003285,422,4,0,7,0
N20003286,472,2,0,0,0
N20003287,531,1,0,1,5
N20003288,676,1,1,0,0
N20003289,558,1,3,1,0
N20003290,679,3,0,1,1
N20003291,617,0,0,0,0
N20003292,747,1,2,5,0
N20003293,811,0,0,0,0
N20003294,500,2,1,0,0
N20003295,560,11,0,7,0
N20003296,414,1,0,1,0
N20003297,628,4,3,3,1
N20003298,483,0,1,0,1
N20003299,642,4,1,5,0
N20003300,677,8,6,10,1
N20003301,561,8,6,4,3
N20003302,630,0,0,3,2
N20003303,405,7,0,0,7
N20003304,858,2,1,5,0
N20003305,318,1,0,0,6
N20003306,431,6,0,0,4
N20003307,376,1,0,0,1
N20003308,492,5,0,11,2
N20003309,530,0,0,0,2
N20003310,575,3,0,0,0
N20003311,616,4,1,5,1
N20003312,384,3,0,3,0
N20003313,578,0,0,1,0
N20003314,411,1,0,6,1
N20003315,685,2,0,0,0
N20003316,351,0,1,1,0
N20003317,848,0,1,0,6
N20003318,655,1,1,0,0
N20003319,988,1,1,7,0
N20003320,446,2,0,0,4
N20003321,730,0,0,0,0
N20003322,482,0,0,0,0
N20003323,482,0,2,3,0
N20003324,835,2,0,10,1
N20003325,433,6,0,0,1
N20003326,583,1,0,1,1
N20003327,687,1,0,4,0
N20003328,775,3,1,0,0
N20003329,554,0,1,3,0
N20003330,575,7,1,3,0
N20003331,631,1,0,0,0
N20003332,527,0,0,1,0
N20003333,500,0,0,1,0
N20003334,460,0,3,0,3
N20003335,817,1,0,6,1
N20003336,793,1,0,3,1
N20003337,662,2,1,1,1
N20003338,715,5,0,3,0
N20003339,333,3,0,2,2
N20003340,472,0,0,2,1
N20003341,672,4,1,0,2
N20003342,681,6,4,11,1
N20003343,623,1,0,0,2
N20003344,456,2,0,1,0
N20003345,398,2,0,0,1
N20003346,357,0,0,0,0
N20003347,515,1,0,1,1
N20003348,314,0,0,3,0
N20003349,728,13,5,12,1
N20003350,585,2,1,8,2
N20003351,349,2,0,0,0
N20003352,540,1,0,5,1
N20003353,477,1,0,0,2
N20003354,424,0,0,3,1
N20003355,652,1,0,3,0
N20003356,535,0,0,0,0
N20003357,531,1,0,0,4
N20003358,667,1,4,4,0
N20003359,597,1,0,3,0
N20003360,377,5,0,1,0
N20003361,439,1,1,0,2
N20003362,425,2,0,0,0
N20003363,416,1,0,4,2
N20003364,396,1,0,0,1
N20003365,521,0,10,1,0
N20003366,569,5,1,1,5
N20003367,290,6,0,5,0
N20003368,414,1,0,6,0
N20003369,554,0,0,1,0
N20003370,669,8,0,3,0
N20003371,669,1,2,1,0
N20003372,325,0,0,3,0
N20003373,455,22,0,0,0
N20003374,277,1,1,1,1
N20003375,382,1,0,8,0
N20003376,313,2,0,0,1
N20003377,365,1,0,0,0
N20003378,449,12,0,4,2
N20003379,404,7,0,0,5
N20003380,559,3,0,2,0
N20003381,505,2,0,3,0
N20003382,349,6,0,1,0
N20003383,465,0,0,1,0
N20003384,515,1,3,8,1
N20003385,445,4,3,2,0
N20003386,454,0,0,1,0
N20003387,635,2,0,0,2
N20003388,567,6,0,4,4
N20003389,392,1,1,6,1
N20003390,417,4,0,2,0
N20003391,581,3,2,3,1
N20003392,677,3,0,8,0
N20003393,654,0,0,6,0
N20003394,636,0,0,0,2
N20003395,691,1,0,3,0
N20003396,637,1,0,0,0
N20003397,695,7,3,4,0
N20003398,473,13,0,2,0
N20003399,608,2,0,6,0
N20003400,441,5,0,4,0
N20003401,465,12,0,9,6
N20003402,380,4,1,1,0
N20003403,417,2,0,5,0
N20003404,306,2,0,3,6
N20003405,573,1,0,2,1
N20003406,389,16,1,1,5
N20003407,366,8,0,0,1
N20003408,254,8,0,1,1
N20003409,465,3,0,0,1
N20003410,438,10,0,4,5
N20003411,784,14,3,12,1
N20003412,526,12,0,9,0
N20003413,498,4,0,6,8
N20003414,764,0,0,0,0
N20003415,218,0,3,4,0
N20003416,571,0,0,4,11
N20003417,539,6,0,0,1
N20003418,507,1,0,0,1
N20003419,658,4,1,4,5
N20003420,716,9,0,7,5
N20003421,688,5,0,1,1
N20003422,539,1,1,0,0
N20003423,577,2,1,4,0
N20003424,470,4,1,0,1
N20003425,417,0,1,1,3
N20003426,431,0,0,1,0
N20003427,315,3,0,0,1
N20003428,545,0,0,3,0
N20003429,680,1,1,3,0
N20003430,447,6,2,9,1
N20003431,488,1,0,3,0
N20003432,261,0,0,6,11
N20003433,484,1,0,0,0
N20003434,356,2,1,5,0
N20003435,384,9,0,0,1
N20003436,629,1,0,3,0
N20003437,484,4,0,1,2
N20003438,461,0,0,2,0
N20003439,325,0,1,0,0
N20003440,492,5,2,10,4
N20003441,332,0,0,7,1
N20003442,309,3,0,0,0
N20003443,422,28,4,7,1
N20003444,423,3,0,2,0
N20003445,353,1,0,5,0
N20003446,322,1,0,0,4
N20003447,334,5,1,6,1
N20003448,763,6,3,1,0
N20003449,223,10,0,3,0
N20003450,398,3,4,2,1
N20003451,358,9,9,1,1
N20003452,466,0,1,0,0
N20003453,446,1,0,4,0
N20003454,421,0,0,8,0
N20003455,349,0,0,0,0
N20003456,516,0,0,0,2
N20003457,517,0,0,0,0
N20003458,328,1,0,0,0
N20003459,360,3,0,3,2
N20003460,439,0,0,1,0
N20003461,336,2,0,0,0
N20003462,346,0,0,0,0
N20003463,729,2,0,10,1
N20003464,319,0,2,0,1
N20003465,556,7,0,6,0
N20003466,558,0,0,1,0
N20003467,846,2,0,7,3
N20003468,598,2,1,1,0
N20003469,712,2,3,4,0
N20003470,564,3,0,1,0
N20003471,688,1,1,3,0
N20003472,399,2,0,1,1
N20003473,582,0,0,0,1
N20003474,630,1,0,0,0
N20003475,575,8,0,5,0
N20003476,583,4,0,3,1
N20003477,519,2,0,1,0
N20003478,503,0,2,3,0
N20003479,380,2,0,0,0
N20003480,490,12,1,7,0
N20003481,346,7,0,3,0
N20003482,488,6,1,0,2
N20003483,423,7,1,5,0
N20003484,566,17,0,6,0
N20003485,327,0,0,4,0
N20003486,427,5,5,12,0
N20003487,529,11,1,5,1
N20003488,677,6,0,4,0
N20003489,365,7,0,0,0
N20003490,457,3,1,0,0
N20003491,601,10,0,1,2
N20003492,677,6,0,0,1
N20003493,578,15,0,5,0
N20003494,502,0,1,4,1
N20003495,407,11,0,1,0
N20003496,552,14,1,8,2
N20003497,389,4,1,4,0
N20003498,344,6,0,0,0
N20003499,298,21,2,4,0
N20003500,243,0,0,0,1
N20003501,454,4,0,4,1
N20003502,676,5,1,14,1
N20003503,384,10,0,1,0
N20003504,471,13,0,8,5
N20003505,703,1,1,4,0
N20003506,645,4,0,3,0
N20003507,453,0,0,3,0
N20003508,497,10,0,8,0
N20003509,351,14,2,0,1
N20003510,180,3,0,0,0
N20003511,382,1,0,0,0
N20003512,307,5,0,4,5
N20003513,222,19,0,0,0
N20003514,553,8,0,1,4
N20003515,490,0,1,3,2
N20003516,371,15,0,0,4
N20003517,301,10,3,9,0
N20003518,426,18,1,1,1
N20003519,334,15,8,3,0
N20003520,521,5,0,5,4
N20003521,532,9,2,4,0
N20003522,311,8,0,1,0
N20003523,532,0,1,4,0
N20003524,331,5,2,2,0
N20003525,357,11,3,1,0
N20003526,372,1,0,3,0
N20003527,338,5,0,6,0
N20003528,491,3,0,0,0
N20003529,298,10,2,3,1
N20003530,354,3,0,4,0
N20003531,424,1,0,1,0
N20003532,550,2,0,1,1
N20003533,546,0,0,0,0
N20003534,425,9,0,0,0
N20003535,550,2,0,1,0
N20003536,692,8,0,7,0
N20003537,564,8,4,19,0
N20003538,579,0,0,8,0
N20003539,332,8,2,5,1
N20003540,357,3,0,4,0
N20003541,331,3,1,1,0
N20003542,418,4,0,1,0
N20003543,343,1,0,1,0
N20003544,349,1,0,3,0
N20003545,563,25,1,17,3
N20003546,623,1,2,11,2
N20003547,665,7,3,1,1
N20003548,640,10,2,18,3
N20003549,612,7,0,8,3
N20003550,585,10,2,5,1
N20003551,412,15,0,0,0
N20003552,315,6,1,13,1
N20003553,808,0,0,7,0
N20003554,1147,49,0,5,0
N20003555,473,0,1,2,1
N20003556,444,23,5,8,1
N20003557,268,7,8,4,1
N20003558,380,6,0,11,0
N20003559,450,4,1,6,2
N20003560,377,3,0,1,0
N20003561,463,6,6,5,0
N20003562,730,16,0,7,3
N20003563,291,1,0,4,0
N20003564,348,8,17,6,2
N20003565,413,1,7,4,1
N20003566,346,5,1,8,5
N20003567,544,4,0,1,1
N20003568,632,7,0,6,0
N20003569,880,7,0,2,1
N20003570,266,8,0,2,1
N20003571,472,5,5,8,2
N20003572,498,10,1,0,1
N20003573,507,15,1,5,0
N20003574,407,3,1,13,2
N20003575,370,8,0,2,2
N20003576,486,10,42,4,7
N20003577,388,12,0,4,0
N20003578,641,2,0,4,2
N20003579,326,2,0,1,2
N20003580,495,6,0,1,2
N20003581,702,3,0,6,3
N20003582,413,8,5,7,4
N20003583,388,1,7,1,2
N20003584,509,1,3,0,0
N20003585,437,1,0,6,0
N20003586,628,9,0,7,3
N20003587,391,5,1,0,0
N20003588,388,2,0,3,1
N20003589,485,2,0,3,0
N20003590,275,29,2,5,0
N20003591,261,1,0,1,0
N20003592,395,16,10,4,4
N20003593,273,12,0,10,0
N20003594,506,12,3,1,0
N20003595,540,4,1,7,1
N20003596,419,10,0,2,1
N20003597,305,11,5,6,0
N20003598,333,4,0,5,1
N20003599,490,11,0,10,4
N20003600,403,8,0,1,0
N20003601,292,18,0,3,0
N20003602,412,7,5,5,2
N20003603,465,16,0,8,0
N20003604,310,1,0,0,0
N20003605,710,17,0,16,0
N20003606,243,10,1,3,0
N20003607,413,2,0,3,3
N20003608,238,1,2,3,1
N20003609,483,7,0,1,0
N20003610,233,20,0,3,0
N20003611,428,12,0,0,0
N20003612,349,1,1,6,1
N20003613,392,6,0,5,0
N20003614,438,19,0,4,0
N20003615,632,11,0,5,1
N20003616,599,5,7,1,1
N20003617,426,1,0,1,0
N20003618,426,2,0,6,1
N20003619,705,22,4,3,1
N20003620,696,13,8,4,1
N20003621,427,2,0,0,4
N20003622,477,2,1,0,1
N20003623,534,6,1,3,1
N20003624,573,13,4,8,3
N20003625,505,6,6,0,0
N20003626,500,8,0,7,5
N20003627,435,1,0,2,0
N20003628,496,0,1,12,1
N20003629,486,2,2,11,0
N20003630,490,1,0,7,6
N20003631,374,6,0,2,2
N20003632,504,36,25,9,1
N20003633,179,1,0,0,0
N20003634,430,2,1,0,0
N20003635,455,0,0,7,0
N20003636,264,3,0,6,1
N20003637,467,6,0,3,0
N20003638,455,4,3,9,0
N20003639,441,4,0,7,0
N20003640,275,11,21,6,3
N20003641,277,2,0,4,0
N20003642,330,9,6,7,0
N20003643,327,0,0,2,1
N20003644,478,10,0,3,3
N20003645,602,3,0,3,1
N20003646,450,1,0,7,0
N20003647,578,0,0,1,1
N20003648,417,0,1,0,0
N20003649,540,4,0,9,1
N20003650,779,10,0,3,0
N20003651,439,8,1,7,2
N20003652,570,9,3,3,0
N20003653,401,2,2,7,0
N20003654,417,0,1,6,0
N20003655,503,13,3,3,2
N20003656,420,10,1,8,0
N20003657,349,0,0,0,2
N20003658,371,3,0,0,0
N20003659,483,6,10,10,0
N20003660,396,0,0,4,4
N20003661,382,17,2,4,9
N20003662,358,1,1,0,1
N20003663,440,0,1,6,0
N20003664,525,3,2,7,2
N20003665,227,0,0,4,1
N20003666,456,2,1,1,0
N20003667,523,12,0,10,1
N20003668,453,16,3,5,9
N20003669,602,14,0,8,1
N20003670,356,2,1,1,0
N20003671,373,0,1,3,2
N20003672,320,8,0,6,0
N20003673,703,14,0,0,3
N20003674,346,0,1,5,0
N20003675,410,16,5,6,0
N20003676,567,3,0,3,0
N20003677,430,1,0,7,1
N20003678,496,3,0,5,3
N20003679,270,0,0,0,0
N20003680,480,1,0,6,1
N20003681,360,0,0,1,1
N20003682,373,0,0,0,0
N20003683,304,1,0,2,0
N20003684,514,1,0,1,0
N20003685,475,0,2,1,0
N20003686,335,0,0,7,0
N20003687,397,0,0,0,1
N20003688,361,1,0,0,0
N20003689,368,5,0,4,0
N20003690,333,2,0,0,0
N20003691,425,0,1,5,0
N20003692,184,2,0,3,0
N20003693,452,2,0,2,1
N20003694,451,4,2,1,1
N20003695,517,6,1,5,1
N20003696,554,7,4,4,0
N20003697,545,7,0,8,0
N20003698,598,8,0,1,1
N20003699,463,1,0,0,1
N20003700,612,1,1,7,0
N20003701,541,3,0,2,0
N20003702,323,0,0,0,0
N20003703,385,4,1,0,4
N20003704,508,10,0,1,1
N20003705,448,5,1,6,0
N20003706,390,8,0,13,0
N20003707,356,7,4,7,0
N20003708,661,9,0,0,1
N20003709,595,0,0,7,2
N20003710,224,1,0,1,1
N20003711,216,6,0,3,0
N20003712,620,0,4,4,4
N20003713,270,8,0,0,0
N20003714,641,20,1,14,0
N20003715,264,3,0,1,1
N20003716,568,11,0,4,1
N20003717,450,5,4,6,1
N20003718,412,7,5,13,2
N20003719,728,4,0,0,2
N20003720,457,7,0,3,1
N20003721,416,1,0,1,0
N20003722,432,5,0,0,0
N20003723,352,1,0,0,1
N20003724,314,0,0,0,1
N20003725,574,2,4,13,1
N20003726,320,1,0,1,2
N20003727,341,0,0,0,0
N20003728,656,7,0,0,0
N20003729,615,1,1,1,1
N20003730,425,0,2,4,2
N20003731,384,2,0,0,2
N20003732,485,0,0,4,0
N20003733,481,1,5,4,0
N20003734,690,0,2,1,1
N20003735,541,1,1,1,1
N20003736,327,0,1,1,0
N20003737,381,1,0,1,0
N20003738,627,1,3,0,0
N20003739,761,10,1,5,0
N20003740,481,1,0,0,3
N20003741,434,0,1,0,0
N20003742,372,0,0,1,0
N20003743,700,4,1,4,0
N20003744,394,3,4,0,0
N20003745,429,2,0,8,0
N20003746,462,6,3,0,0
N20003747,480,0,1,5,0
N20003748,383,1,0,0,1
N20003749,360,0,2,0,1
N20003750,442,0,1,0,1
N20003751,377,2,0,5,0
N20003752,377,0,0,0,0
N20003753,432,2,0,1,0
N20003754,486,0,0,1,2
N20003755,479,0,1,0,0
N20003756,539,1,0,4,0
N20003757,651,6,0,1,2
N20003758,747,0,0,3,0
N20003759,405,3,0,1,0
N20003760,439,2,0,1,0
N20003761,631,1,0,5,0
N20003762,368,1,0,3,0
N20003763,501,0,0,0,0
N20003764,363,0,5,0,0
N20003765,356,0,0,2,1
N20003766,714,0,1,0,1
N20003767,365,0,0,3,0
N20003768,462,0,1,0,2
N20003769,475,0,0,0,0
N20003770,373,1,1,2,0
N20003771,716,0,1,7,5
N20003772,502,1,0,5,0
N20003773,725,1,1,3,0
N20003774,420,1,0,0,0
N20003775,593,1,1,2,1
N20003776,449,0,0,0,0
N20003777,446,1,0,1,0
N20003778,430,0,0,0,0
N20003779,440,4,1,1,1
N20003780,440,5,0,1,1
